,scint_alpha,drift_bias,pixel_jitter,muon_flux,cathode_temp,anode_noise,beam_phase,shield_rho,veto_count,gain_offset,cerenkov_angle,trigger_rate,track_curvature,y
0,0.0,0.0,0.0,-10.0,0.0,0.0,0.0,0.0,0.0,0.0,0.0,0.0,-10.0,24.60717855516982
1,0.0,0.0,0.0,-9.310344827586206,0.0,0.0,0.0,0.0,0.0,0.0,0.0,0.0,-10.0,7.4511436448987265
2,0.0,0.0,0.0,-8.620689655172413,0.0,0.0,0.0,0.0,0.0,0.0,0.0,0.0,-10.0,-38.00008727345339
3,0.0,0.0,0.0,-7.931034482758621,0.0,0.0,0.0,0.0,0.0,0.0,0.0,0.0,-10.0,-9.311790393010172
4,0.0,0.0,0.0,-7.241379310344827,0.0,0.0,0.0,0.0,0.0,0.0,0.0,0.0,-10.0,-1.5120181691118295
5,0.0,0.0,0.0,-6.551724137931034,0.0,0.0,0.0,0.0,0.0,0.0,0.0,0.0,-10.0,-19.370557183346587
6,0.0,0.0,0.0,-5.862068965517241,0.0,0.0,0.0,0.0,0.0,0.0,0.0,0.0,-10.0,3.885524258355377
7,0.0,0.0,0.0,-5.172413793103448,0.0,0.0,0.0,0.0,0.0,0.0,0.0,0.0,-10.0,5.201575780094534
8,0.0,0.0,0.0,-4.482758620689655,0.0,0.0,0.0,0.0,0.0,0.0,0.0,0.0,-10.0,7.281445431350057
9,0.0,0.0,0.0,-3.793103448275861,0.0,0.0,0.0,0.0,0.0,0.0,0.0,0.0,-10.0,-74.359955934969
10,0.0,0.0,0.0,-3.1034482758620685,0.0,0.0,0.0,0.0,0.0,0.0,0.0,0.0,-10.0,-2.0516495792914533
11,0.0,0.0,0.0,-2.413793103448276,0.0,0.0,0.0,0.0,0.0,0.0,0.0,0.0,-10.0,9739.048411279571
12,0.0,0.0,0.0,-1.7241379310344822,0.0,0.0,0.0,0.0,0.0,0.0,0.0,0.0,-10.0,8.160483373697572
13,0.0,0.0,0.0,-1.0344827586206886,0.0,0.0,0.0,0.0,0.0,0.0,0.0,0.0,-10.0,-10.554611826898393
14,0.0,0.0,0.0,-0.3448275862068968,0.0,0.0,0.0,0.0,0.0,0.0,0.0,0.0,-10.0,58.65251393581386
15,0.0,0.0,0.0,0.3448275862068968,0.0,0.0,0.0,0.0,0.0,0.0,0.0,0.0,-10.0,-48.308278153581355
16,0.0,0.0,0.0,1.0344827586206904,0.0,0.0,0.0,0.0,0.0,0.0,0.0,0.0,-10.0,5.081588593822131
17,0.0,0.0,0.0,1.724137931034484,0.0,0.0,0.0,0.0,0.0,0.0,0.0,0.0,-10.0,-4.471648193840264
18,0.0,0.0,0.0,2.4137931034482776,0.0,0.0,0.0,0.0,0.0,0.0,0.0,0.0,-10.0,26.30955967169916
19,0.0,0.0,0.0,3.1034482758620694,0.0,0.0,0.0,0.0,0.0,0.0,0.0,0.0,-10.0,3.3769732546812725
20,0.0,0.0,0.0,3.793103448275863,0.0,0.0,0.0,0.0,0.0,0.0,0.0,0.0,-10.0,-2.1902320864001164
21,0.0,0.0,0.0,4.482758620689657,0.0,0.0,0.0,0.0,0.0,0.0,0.0,0.0,-10.0,-62.713278291692745
22,0.0,0.0,0.0,5.172413793103448,0.0,0.0,0.0,0.0,0.0,0.0,0.0,0.0,-10.0,27.770695022846077
23,0.0,0.0,0.0,5.862068965517242,0.0,0.0,0.0,0.0,0.0,0.0,0.0,0.0,-10.0,24.47869549733288
24,0.0,0.0,0.0,6.551724137931036,0.0,0.0,0.0,0.0,0.0,0.0,0.0,0.0,-10.0,2.556725598509186
25,0.0,0.0,0.0,7.241379310344829,0.0,0.0,0.0,0.0,0.0,0.0,0.0,0.0,-10.0,-0.10617807711777752
26,0.0,0.0,0.0,7.931034482758623,0.0,0.0,0.0,0.0,0.0,0.0,0.0,0.0,-10.0,-6.9201829889310895
27,0.0,0.0,0.0,8.620689655172416,0.0,0.0,0.0,0.0,0.0,0.0,0.0,0.0,-10.0,22.079064013581334
28,0.0,0.0,0.0,9.310344827586206,0.0,0.0,0.0,0.0,0.0,0.0,0.0,0.0,-10.0,-25.8706218916867
29,0.0,0.0,0.0,10.0,0.0,0.0,0.0,0.0,0.0,0.0,0.0,0.0,-10.0,-8.526356652170952
30,0.0,0.0,0.0,-10.0,0.0,0.0,0.0,0.0,0.0,0.0,0.0,0.0,-9.310344827586206,0.22151001862835307
31,0.0,0.0,0.0,-9.310344827586206,0.0,0.0,0.0,0.0,0.0,0.0,0.0,0.0,-9.310344827586206,-123.24871609395693
32,0.0,0.0,0.0,-8.620689655172413,0.0,0.0,0.0,0.0,0.0,0.0,0.0,0.0,-9.310344827586206,-75.1780752155307
33,0.0,0.0,0.0,-7.931034482758621,0.0,0.0,0.0,0.0,0.0,0.0,0.0,0.0,-9.310344827586206,-2.2532253788549568
34,0.0,0.0,0.0,-7.241379310344827,0.0,0.0,0.0,0.0,0.0,0.0,0.0,0.0,-9.310344827586206,-22.79196674423286
35,0.0,0.0,0.0,-6.551724137931034,0.0,0.0,0.0,0.0,0.0,0.0,0.0,0.0,-9.310344827586206,-260.9665157359268
36,0.0,0.0,0.0,-5.862068965517241,0.0,0.0,0.0,0.0,0.0,0.0,0.0,0.0,-9.310344827586206,-5.210991296390728
37,0.0,0.0,0.0,-5.172413793103448,0.0,0.0,0.0,0.0,0.0,0.0,0.0,0.0,-9.310344827586206,-6.984658757099447
38,0.0,0.0,0.0,-4.482758620689655,0.0,0.0,0.0,0.0,0.0,0.0,0.0,0.0,-9.310344827586206,-0.7570287401029212
39,0.0,0.0,0.0,-3.793103448275861,0.0,0.0,0.0,0.0,0.0,0.0,0.0,0.0,-9.310344827586206,3.5506221543978174
40,0.0,0.0,0.0,-3.1034482758620685,0.0,0.0,0.0,0.0,0.0,0.0,0.0,0.0,-9.310344827586206,1.7639727093809918
41,0.0,0.0,0.0,-2.413793103448276,0.0,0.0,0.0,0.0,0.0,0.0,0.0,0.0,-9.310344827586206,-1.200754357731557
42,0.0,0.0,0.0,-1.7241379310344822,0.0,0.0,0.0,0.0,0.0,0.0,0.0,0.0,-9.310344827586206,-1.3309533165568166
43,0.0,0.0,0.0,-1.0344827586206886,0.0,0.0,0.0,0.0,0.0,0.0,0.0,0.0,-9.310344827586206,0.7382131387640598
44,0.0,0.0,0.0,-0.3448275862068968,0.0,0.0,0.0,0.0,0.0,0.0,0.0,0.0,-9.310344827586206,-3.6594112147226303
45,0.0,0.0,0.0,0.3448275862068968,0.0,0.0,0.0,0.0,0.0,0.0,0.0,0.0,-9.310344827586206,-1.139125403108839
46,0.0,0.0,0.0,1.0344827586206904,0.0,0.0,0.0,0.0,0.0,0.0,0.0,0.0,-9.310344827586206,-4.039075379542846
47,0.0,0.0,0.0,1.724137931034484,0.0,0.0,0.0,0.0,0.0,0.0,0.0,0.0,-9.310344827586206,-4.884281244767621
48,0.0,0.0,0.0,2.4137931034482776,0.0,0.0,0.0,0.0,0.0,0.0,0.0,0.0,-9.310344827586206,-6.053095171797546
49,0.0,0.0,0.0,3.1034482758620694,0.0,0.0,0.0,0.0,0.0,0.0,0.0,0.0,-9.310344827586206,-8.176663858788645
50,0.0,0.0,0.0,3.793103448275863,0.0,0.0,0.0,0.0,0.0,0.0,0.0,0.0,-9.310344827586206,-14.114612311377218
51,0.0,0.0,0.0,4.482758620689657,0.0,0.0,0.0,0.0,0.0,0.0,0.0,0.0,-9.310344827586206,-7.563461989888925
52,0.0,0.0,0.0,5.172413793103448,0.0,0.0,0.0,0.0,0.0,0.0,0.0,0.0,-9.310344827586206,-1.6190145875376265
53,0.0,0.0,0.0,5.862068965517242,0.0,0.0,0.0,0.0,0.0,0.0,0.0,0.0,-9.310344827586206,4.564927770972986
54,0.0,0.0,0.0,6.551724137931036,0.0,0.0,0.0,0.0,0.0,0.0,0.0,0.0,-9.310344827586206,12.11621008140041
55,0.0,0.0,0.0,7.241379310344829,0.0,0.0,0.0,0.0,0.0,0.0,0.0,0.0,-9.310344827586206,-77.53836184768721
56,0.0,0.0,0.0,7.931034482758623,0.0,0.0,0.0,0.0,0.0,0.0,0.0,0.0,-9.310344827586206,49.129119467927644
57,0.0,0.0,0.0,8.620689655172416,0.0,0.0,0.0,0.0,0.0,0.0,0.0,0.0,-9.310344827586206,69.84110290849037
58,0.0,0.0,0.0,9.310344827586206,0.0,0.0,0.0,0.0,0.0,0.0,0.0,0.0,-9.310344827586206,122.87809834519709
59,0.0,0.0,0.0,10.0,0.0,0.0,0.0,0.0,0.0,0.0,0.0,0.0,-9.310344827586206,61.999192653726425
60,0.0,0.0,0.0,-10.0,0.0,0.0,0.0,0.0,0.0,0.0,0.0,0.0,-8.620689655172413,10.825798141537692
61,0.0,0.0,0.0,-9.310344827586206,0.0,0.0,0.0,0.0,0.0,0.0,0.0,0.0,-8.620689655172413,-199.35179652842294
62,0.0,0.0,0.0,-8.620689655172413,0.0,0.0,0.0,0.0,0.0,0.0,0.0,0.0,-8.620689655172413,-110.2523375303583
63,0.0,0.0,0.0,-7.931034482758621,0.0,0.0,0.0,0.0,0.0,0.0,0.0,0.0,-8.620689655172413,-62.97396816632102
64,0.0,0.0,0.0,-7.241379310344827,0.0,0.0,0.0,0.0,0.0,0.0,0.0,0.0,-8.620689655172413,-34.36083764419478
65,0.0,0.0,0.0,-6.551724137931034,0.0,0.0,0.0,0.0,0.0,0.0,0.0,0.0,-8.620689655172413,-18.41178308158481
66,0.0,0.0,0.0,-5.862068965517241,0.0,0.0,0.0,0.0,0.0,0.0,0.0,0.0,-8.620689655172413,-9.284725205525648
67,0.0,0.0,0.0,-5.172413793103448,0.0,0.0,0.0,0.0,0.0,0.0,0.0,0.0,-8.620689655172413,-3.651088326520967
68,0.0,0.0,0.0,-4.482758620689655,0.0,0.0,0.0,0.0,0.0,0.0,0.0,0.0,-8.620689655172413,0.8717891734912823
69,0.0,0.0,0.0,-3.793103448275861,0.0,0.0,0.0,0.0,0.0,0.0,0.0,0.0,-8.620689655172413,2.041355453391891
70,0.0,0.0,0.0,-3.1034482758620685,0.0,0.0,0.0,0.0,0.0,0.0,0.0,0.0,-8.620689655172413,0.6278452128231226
71,0.0,0.0,0.0,-2.413793103448276,0.0,0.0,0.0,0.0,0.0,0.0,0.0,0.0,-8.620689655172413,-0.06151331494514717
72,0.0,0.0,0.0,-1.7241379310344822,0.0,0.0,0.0,0.0,0.0,0.0,0.0,0.0,-8.620689655172413,-0.8727478635536224
73,0.0,0.0,0.0,-1.0344827586206886,0.0,0.0,0.0,0.0,0.0,0.0,0.0,0.0,-8.620689655172413,0.14103111454604278
74,0.0,0.0,0.0,-0.3448275862068968,0.0,0.0,0.0,0.0,0.0,0.0,0.0,0.0,-8.620689655172413,-1.9369465473674325
75,0.0,0.0,0.0,0.3448275862068968,0.0,0.0,0.0,0.0,0.0,0.0,0.0,0.0,-8.620689655172413,-3.5078269204932235
76,0.0,0.0,0.0,1.0344827586206904,0.0,0.0,0.0,0.0,0.0,0.0,0.0,0.0,-8.620689655172413,-5.721996983017904
77,0.0,0.0,0.0,1.724137931034484,0.0,0.0,0.0,0.0,0.0,0.0,0.0,0.0,-8.620689655172413,-6.392952843804818
78,0.0,0.0,0.0,2.4137931034482776,0.0,0.0,0.0,0.0,0.0,0.0,0.0,0.0,-8.620689655172413,-5.704975405058152
79,0.0,0.0,0.0,3.1034482758620694,0.0,0.0,0.0,0.0,0.0,0.0,0.0,0.0,-8.620689655172413,-6.069826495975589
80,0.0,0.0,0.0,3.793103448275863,0.0,0.0,0.0,0.0,0.0,0.0,0.0,0.0,-8.620689655172413,-7.487964636293529
81,0.0,0.0,0.0,4.482758620689657,0.0,0.0,0.0,0.0,0.0,0.0,0.0,0.0,-8.620689655172413,-6.954698780413688
82,0.0,0.0,0.0,5.172413793103448,0.0,0.0,0.0,0.0,0.0,0.0,0.0,0.0,-8.620689655172413,-3.7619750029982644
83,0.0,0.0,0.0,5.862068965517242,0.0,0.0,0.0,0.0,0.0,0.0,0.0,0.0,-8.620689655172413,2.7739517501665967
84,0.0,0.0,0.0,6.551724137931036,0.0,0.0,0.0,0.0,0.0,0.0,0.0,0.0,-8.620689655172413,13.679606738850053
85,0.0,0.0,0.0,7.241379310344829,0.0,0.0,0.0,0.0,0.0,0.0,0.0,0.0,-8.620689655172413,29.257853276486024
86,0.0,0.0,0.0,7.931034482758623,0.0,0.0,0.0,0.0,0.0,0.0,0.0,0.0,-8.620689655172413,56.54874498935751
87,0.0,0.0,0.0,8.620689655172416,0.0,0.0,0.0,0.0,0.0,0.0,0.0,0.0,-8.620689655172413,102.99639083371292
88,0.0,0.0,0.0,9.310344827586206,0.0,0.0,0.0,0.0,0.0,0.0,0.0,0.0,-8.620689655172413,126.5753745611859
89,0.0,0.0,0.0,10.0,0.0,0.0,0.0,0.0,0.0,0.0,0.0,0.0,-8.620689655172413,-5.259103152525343
90,0.0,0.0,0.0,-10.0,0.0,0.0,0.0,0.0,0.0,0.0,0.0,0.0,-7.931034482758621,-2.5163451724884585
91,0.0,0.0,0.0,-9.310344827586206,0.0,0.0,0.0,0.0,0.0,0.0,0.0,0.0,-7.931034482758621,-126.78455188053357
92,0.0,0.0,0.0,-8.620689655172413,0.0,0.0,0.0,0.0,0.0,0.0,0.0,0.0,-7.931034482758621,-112.26189936807268
93,0.0,0.0,0.0,-7.931034482758621,0.0,0.0,0.0,0.0,0.0,0.0,0.0,0.0,-7.931034482758621,-64.54391158712191
94,0.0,0.0,0.0,-7.241379310344827,0.0,0.0,0.0,0.0,0.0,0.0,0.0,0.0,-7.931034482758621,-35.234324948369725
95,0.0,0.0,0.0,-6.551724137931034,0.0,0.0,0.0,0.0,0.0,0.0,0.0,0.0,-7.931034482758621,-18.7048868586394
96,0.0,0.0,0.0,-5.862068965517241,0.0,0.0,0.0,0.0,0.0,0.0,0.0,0.0,-7.931034482758621,-9.931180657483278
97,0.0,0.0,0.0,-5.172413793103448,0.0,0.0,0.0,0.0,0.0,0.0,0.0,0.0,-7.931034482758621,-4.68372402744325
98,0.0,0.0,0.0,-4.482758620689655,0.0,0.0,0.0,0.0,0.0,0.0,0.0,0.0,-7.931034482758621,-0.9786183966252033
99,0.0,0.0,0.0,-3.793103448275861,0.0,0.0,0.0,0.0,0.0,0.0,0.0,0.0,-7.931034482758621,1.3319931028172094
100,0.0,0.0,0.0,-3.1034482758620685,0.0,0.0,0.0,0.0,0.0,0.0,0.0,0.0,-7.931034482758621,1.3445554400513817
101,0.0,0.0,0.0,-2.413793103448276,0.0,0.0,0.0,0.0,0.0,0.0,0.0,0.0,-7.931034482758621,-0.48019903335377645
102,0.0,0.0,0.0,-1.7241379310344822,0.0,0.0,0.0,0.0,0.0,0.0,0.0,0.0,-7.931034482758621,-1.2872355676448943
103,0.0,0.0,0.0,-1.0344827586206886,0.0,0.0,0.0,0.0,0.0,0.0,0.0,0.0,-7.931034482758621,-1.6546362667775603
104,0.0,0.0,0.0,-0.3448275862068968,0.0,0.0,0.0,0.0,0.0,0.0,0.0,0.0,-7.931034482758621,-1.5994607537750314
105,0.0,0.0,0.0,0.3448275862068968,0.0,0.0,0.0,0.0,0.0,0.0,0.0,0.0,-7.931034482758621,-2.42486344814746
106,0.0,0.0,0.0,1.0344827586206904,0.0,0.0,0.0,0.0,0.0,0.0,0.0,0.0,-7.931034482758621,-4.692810196900472
107,0.0,0.0,0.0,1.724137931034484,0.0,0.0,0.0,0.0,0.0,0.0,0.0,0.0,-7.931034482758621,-6.376859924838697
108,0.0,0.0,0.0,2.4137931034482776,0.0,0.0,0.0,0.0,0.0,0.0,0.0,0.0,-7.931034482758621,-6.296302937706826
109,0.0,0.0,0.0,3.1034482758620694,0.0,0.0,0.0,0.0,0.0,0.0,0.0,0.0,-7.931034482758621,-5.430272097777637
110,0.0,0.0,0.0,3.793103448275863,0.0,0.0,0.0,0.0,0.0,0.0,0.0,0.0,-7.931034482758621,-5.3276310477265545
111,0.0,0.0,0.0,4.482758620689657,0.0,0.0,0.0,0.0,0.0,0.0,0.0,0.0,-7.931034482758621,-4.883329861979715
112,0.0,0.0,0.0,5.172413793103448,0.0,0.0,0.0,0.0,0.0,0.0,0.0,0.0,-7.931034482758621,-2.5373136077938314
113,0.0,0.0,0.0,5.862068965517242,0.0,0.0,0.0,0.0,0.0,0.0,0.0,0.0,-7.931034482758621,3.5508234982019453
114,0.0,0.0,0.0,6.551724137931036,0.0,0.0,0.0,0.0,0.0,0.0,0.0,0.0,-7.931034482758621,14.43363799981741
115,0.0,0.0,0.0,7.241379310344829,0.0,0.0,0.0,0.0,0.0,0.0,0.0,0.0,-7.931034482758621,30.882923357275818
116,0.0,0.0,0.0,7.931034482758623,0.0,0.0,0.0,0.0,0.0,0.0,0.0,0.0,-7.931034482758621,58.916460505046125
117,0.0,0.0,0.0,8.620689655172416,0.0,0.0,0.0,0.0,0.0,0.0,0.0,0.0,-7.931034482758621,104.39532792775128
118,0.0,0.0,0.0,9.310344827586206,0.0,0.0,0.0,0.0,0.0,0.0,0.0,0.0,-7.931034482758621,120.40120680595037
119,0.0,0.0,0.0,10.0,0.0,0.0,0.0,0.0,0.0,0.0,0.0,0.0,-7.931034482758621,4.548326518092296
120,0.0,0.0,0.0,-10.0,0.0,0.0,0.0,0.0,0.0,0.0,0.0,0.0,-7.241379310344827,-30.406235553746164
121,0.0,0.0,0.0,-9.310344827586206,0.0,0.0,0.0,0.0,0.0,0.0,0.0,0.0,-7.241379310344827,-125.2699987915316
122,0.0,0.0,0.0,-8.620689655172413,0.0,0.0,0.0,0.0,0.0,0.0,0.0,0.0,-7.241379310344827,-112.8541286832182
123,0.0,0.0,0.0,-7.931034482758621,0.0,0.0,0.0,0.0,0.0,0.0,0.0,0.0,-7.241379310344827,-66.30262843530829
124,0.0,0.0,0.0,-7.241379310344827,0.0,0.0,0.0,0.0,0.0,0.0,0.0,0.0,-7.241379310344827,-36.83816776815745
125,0.0,0.0,0.0,-6.551724137931034,0.0,0.0,0.0,0.0,0.0,0.0,0.0,0.0,-7.241379310344827,-19.104474660530048
126,0.0,0.0,0.0,-5.862068965517241,0.0,0.0,0.0,0.0,0.0,0.0,0.0,0.0,-7.241379310344827,-9.66929566389531
127,0.0,0.0,0.0,-5.172413793103448,0.0,0.0,0.0,0.0,0.0,0.0,0.0,0.0,-7.241379310344827,-4.714399404362247
128,0.0,0.0,0.0,-4.482758620689655,0.0,0.0,0.0,0.0,0.0,0.0,0.0,0.0,-7.241379310344827,-2.1844180481528035
129,0.0,0.0,0.0,-3.793103448275861,0.0,0.0,0.0,0.0,0.0,0.0,0.0,0.0,-7.241379310344827,-0.13278100266651918
130,0.0,0.0,0.0,-3.1034482758620685,0.0,0.0,0.0,0.0,0.0,0.0,0.0,0.0,-7.241379310344827,1.5526441813058112
131,0.0,0.0,0.0,-2.413793103448276,0.0,0.0,0.0,0.0,0.0,0.0,0.0,0.0,-7.241379310344827,0.7380425446720493
132,0.0,0.0,0.0,-1.7241379310344822,0.0,0.0,0.0,0.0,0.0,0.0,0.0,0.0,-7.241379310344827,-1.135871288935969
133,0.0,0.0,0.0,-1.0344827586206886,0.0,0.0,0.0,0.0,0.0,0.0,0.0,0.0,-7.241379310344827,-2.3127151037797247
134,0.0,0.0,0.0,-0.3448275862068968,0.0,0.0,0.0,0.0,0.0,0.0,0.0,0.0,-7.241379310344827,-2.5539694529341133
135,0.0,0.0,0.0,0.3448275862068968,0.0,0.0,0.0,0.0,0.0,0.0,0.0,0.0,-7.241379310344827,-2.0282467696890087
136,0.0,0.0,0.0,1.0344827586206904,0.0,0.0,0.0,0.0,0.0,0.0,0.0,0.0,-7.241379310344827,-3.6518391559419614
137,0.0,0.0,0.0,1.724137931034484,0.0,0.0,0.0,0.0,0.0,0.0,0.0,0.0,-7.241379310344827,-5.117633088989658
138,0.0,0.0,0.0,2.4137931034482776,0.0,0.0,0.0,0.0,0.0,0.0,0.0,0.0,-7.241379310344827,-6.719897821369811
139,0.0,0.0,0.0,3.1034482758620694,0.0,0.0,0.0,0.0,0.0,0.0,0.0,0.0,-7.241379310344827,-5.510870097285943
140,0.0,0.0,0.0,3.793103448275863,0.0,0.0,0.0,0.0,0.0,0.0,0.0,0.0,-7.241379310344827,-3.999002154490958
141,0.0,0.0,0.0,4.482758620689657,0.0,0.0,0.0,0.0,0.0,0.0,0.0,0.0,-7.241379310344827,-3.011539651610799
142,0.0,0.0,0.0,5.172413793103448,0.0,0.0,0.0,0.0,0.0,0.0,0.0,0.0,-7.241379310344827,-1.4388769958178385
143,0.0,0.0,0.0,5.862068965517242,0.0,0.0,0.0,0.0,0.0,0.0,0.0,0.0,-7.241379310344827,4.6396873276765485
144,0.0,0.0,0.0,6.551724137931036,0.0,0.0,0.0,0.0,0.0,0.0,0.0,0.0,-7.241379310344827,14.774513387106385
145,0.0,0.0,0.0,7.241379310344829,0.0,0.0,0.0,0.0,0.0,0.0,0.0,0.0,-7.241379310344827,32.85643990304941
146,0.0,0.0,0.0,7.931034482758623,0.0,0.0,0.0,0.0,0.0,0.0,0.0,0.0,-7.241379310344827,60.91023246282883
147,0.0,0.0,0.0,8.620689655172416,0.0,0.0,0.0,0.0,0.0,0.0,0.0,0.0,-7.241379310344827,106.640695372185
148,0.0,0.0,0.0,9.310344827586206,0.0,0.0,0.0,0.0,0.0,0.0,0.0,0.0,-7.241379310344827,126.89127442440075
149,0.0,0.0,0.0,10.0,0.0,0.0,0.0,0.0,0.0,0.0,0.0,0.0,-7.241379310344827,-18.906968839962154
150,0.0,0.0,0.0,-10.0,0.0,0.0,0.0,0.0,0.0,0.0,0.0,0.0,-6.551724137931034,-30.85652095676447
151,0.0,0.0,0.0,-9.310344827586206,0.0,0.0,0.0,0.0,0.0,0.0,0.0,0.0,-6.551724137931034,-154.00861977035726
152,0.0,0.0,0.0,-8.620689655172413,0.0,0.0,0.0,0.0,0.0,0.0,0.0,0.0,-6.551724137931034,-113.24401016789557
153,0.0,0.0,0.0,-7.931034482758621,0.0,0.0,0.0,0.0,0.0,0.0,0.0,0.0,-6.551724137931034,-67.19661354624951
154,0.0,0.0,0.0,-7.241379310344827,0.0,0.0,0.0,0.0,0.0,0.0,0.0,0.0,-6.551724137931034,-38.962349384971716
155,0.0,0.0,0.0,-6.551724137931034,0.0,0.0,0.0,0.0,0.0,0.0,0.0,0.0,-6.551724137931034,-20.372367672303724
156,0.0,0.0,0.0,-5.862068965517241,0.0,0.0,0.0,0.0,0.0,0.0,0.0,0.0,-6.551724137931034,-9.858404377824138
157,0.0,0.0,0.0,-5.172413793103448,0.0,0.0,0.0,0.0,0.0,0.0,0.0,0.0,-6.551724137931034,-4.811449130974796
158,0.0,0.0,0.0,-4.482758620689655,0.0,0.0,0.0,0.0,0.0,0.0,0.0,0.0,-6.551724137931034,-2.589052245201027
159,0.0,0.0,0.0,-3.793103448275861,0.0,0.0,0.0,0.0,0.0,0.0,0.0,0.0,-6.551724137931034,-0.7802103375609675
160,0.0,0.0,0.0,-3.1034482758620685,0.0,0.0,0.0,0.0,0.0,0.0,0.0,0.0,-6.551724137931034,0.6910516902086986
161,0.0,0.0,0.0,-2.413793103448276,0.0,0.0,0.0,0.0,0.0,0.0,0.0,0.0,-6.551724137931034,0.7377163454014484
162,0.0,0.0,0.0,-1.7241379310344822,0.0,0.0,0.0,0.0,0.0,0.0,0.0,0.0,-6.551724137931034,-0.37421778278883533
163,0.0,0.0,0.0,-1.0344827586206886,0.0,0.0,0.0,0.0,0.0,0.0,0.0,0.0,-6.551724137931034,-1.9763848530881125
164,0.0,0.0,0.0,-0.3448275862068968,0.0,0.0,0.0,0.0,0.0,0.0,0.0,0.0,-6.551724137931034,-2.5183475274573732
165,0.0,0.0,0.0,0.3448275862068968,0.0,0.0,0.0,0.0,0.0,0.0,0.0,0.0,-6.551724137931034,-2.207524274821069
166,0.0,0.0,0.0,1.0344827586206904,0.0,0.0,0.0,0.0,0.0,0.0,0.0,0.0,-6.551724137931034,-2.4337634313387975
167,0.0,0.0,0.0,1.724137931034484,0.0,0.0,0.0,0.0,0.0,0.0,0.0,0.0,-6.551724137931034,-4.093813235467824
168,0.0,0.0,0.0,2.4137931034482776,0.0,0.0,0.0,0.0,0.0,0.0,0.0,0.0,-6.551724137931034,-5.3307621086007675
169,0.0,0.0,0.0,3.1034482758620694,0.0,0.0,0.0,0.0,0.0,0.0,0.0,0.0,-6.551724137931034,-5.816584266006301
170,0.0,0.0,0.0,3.793103448275863,0.0,0.0,0.0,0.0,0.0,0.0,0.0,0.0,-6.551724137931034,-4.3775211119284005
171,0.0,0.0,0.0,4.482758620689657,0.0,0.0,0.0,0.0,0.0,0.0,0.0,0.0,-6.551724137931034,-1.8793272722444772
172,0.0,0.0,0.0,5.172413793103448,0.0,0.0,0.0,0.0,0.0,0.0,0.0,0.0,-6.551724137931034,1.148029525060505
173,0.0,0.0,0.0,5.862068965517242,0.0,0.0,0.0,0.0,0.0,0.0,0.0,0.0,-6.551724137931034,5.65690229318572
174,0.0,0.0,0.0,6.551724137931036,0.0,0.0,0.0,0.0,0.0,0.0,0.0,0.0,-6.551724137931034,15.538366994929486
175,0.0,0.0,0.0,7.241379310344829,0.0,0.0,0.0,0.0,0.0,0.0,0.0,0.0,-6.551724137931034,33.56934535178494
176,0.0,0.0,0.0,7.931034482758623,0.0,0.0,0.0,0.0,0.0,0.0,0.0,0.0,-6.551724137931034,62.5316636827322
177,0.0,0.0,0.0,8.620689655172416,0.0,0.0,0.0,0.0,0.0,0.0,0.0,0.0,-6.551724137931034,109.5045259651561
178,0.0,0.0,0.0,9.310344827586206,0.0,0.0,0.0,0.0,0.0,0.0,0.0,0.0,-6.551724137931034,125.95615419594726
179,0.0,0.0,0.0,10.0,0.0,0.0,0.0,0.0,0.0,0.0,0.0,0.0,-6.551724137931034,12.703962029641051
180,0.0,0.0,0.0,-10.0,0.0,0.0,0.0,0.0,0.0,0.0,0.0,0.0,-5.862068965517241,65.60871546207113
181,0.0,0.0,0.0,-9.310344827586206,0.0,0.0,0.0,0.0,0.0,0.0,0.0,0.0,-5.862068965517241,-132.54042766035198
182,0.0,0.0,0.0,-8.620689655172413,0.0,0.0,0.0,0.0,0.0,0.0,0.0,0.0,-5.862068965517241,-113.8604404483071
183,0.0,0.0,0.0,-7.931034482758621,0.0,0.0,0.0,0.0,0.0,0.0,0.0,0.0,-5.862068965517241,-67.83097155229137
184,0.0,0.0,0.0,-7.241379310344827,0.0,0.0,0.0,0.0,0.0,0.0,0.0,0.0,-5.862068965517241,-40.03728278153165
185,0.0,0.0,0.0,-6.551724137931034,0.0,0.0,0.0,0.0,0.0,0.0,0.0,0.0,-5.862068965517241,-22.23116689719104
186,0.0,0.0,0.0,-5.862068965517241,0.0,0.0,0.0,0.0,0.0,0.0,0.0,0.0,-5.862068965517241,-10.588008934897715
187,0.0,0.0,0.0,-5.172413793103448,0.0,0.0,0.0,0.0,0.0,0.0,0.0,0.0,-5.862068965517241,-5.10300041395999
188,0.0,0.0,0.0,-4.482758620689655,0.0,0.0,0.0,0.0,0.0,0.0,0.0,0.0,-5.862068965517241,-2.4193014585034307
189,0.0,0.0,0.0,-3.793103448275861,0.0,0.0,0.0,0.0,0.0,0.0,0.0,0.0,-5.862068965517241,-1.4113754120919222
190,0.0,0.0,0.0,-3.1034482758620685,0.0,0.0,0.0,0.0,0.0,0.0,0.0,0.0,-5.862068965517241,-0.6433033039172774
191,0.0,0.0,0.0,-2.413793103448276,0.0,0.0,0.0,0.0,0.0,0.0,0.0,0.0,-5.862068965517241,0.6544850493492534
192,0.0,0.0,0.0,-1.7241379310344822,0.0,0.0,0.0,0.0,0.0,0.0,0.0,0.0,-5.862068965517241,1.0033272865927996
193,0.0,0.0,0.0,-1.0344827586206886,0.0,0.0,0.0,0.0,0.0,0.0,0.0,0.0,-5.862068965517241,-0.7751211663616747
194,0.0,0.0,0.0,-0.3448275862068968,0.0,0.0,0.0,0.0,0.0,0.0,0.0,0.0,-5.862068965517241,-2.9344882710238918
195,0.0,0.0,0.0,0.3448275862068968,0.0,0.0,0.0,0.0,0.0,0.0,0.0,0.0,-5.862068965517241,-3.6813536509189686
196,0.0,0.0,0.0,1.0344827586206904,0.0,0.0,0.0,0.0,0.0,0.0,0.0,0.0,-5.862068965517241,-2.429643504521364
197,0.0,0.0,0.0,1.724137931034484,0.0,0.0,0.0,0.0,0.0,0.0,0.0,0.0,-5.862068965517241,-2.518398670428952
198,0.0,0.0,0.0,2.4137931034482776,0.0,0.0,0.0,0.0,0.0,0.0,0.0,0.0,-5.862068965517241,-3.9545149763168603
199,0.0,0.0,0.0,3.1034482758620694,0.0,0.0,0.0,0.0,0.0,0.0,0.0,0.0,-5.862068965517241,-5.034910239913152
200,0.0,0.0,0.0,3.793103448275863,0.0,0.0,0.0,0.0,0.0,0.0,0.0,0.0,-5.862068965517241,-4.510858074674949
201,0.0,0.0,0.0,4.482758620689657,0.0,0.0,0.0,0.0,0.0,0.0,0.0,0.0,-5.862068965517241,-1.2192332537985697
202,0.0,0.0,0.0,5.172413793103448,0.0,0.0,0.0,0.0,0.0,0.0,0.0,0.0,-5.862068965517241,2.655815745790587
203,0.0,0.0,0.0,5.862068965517242,0.0,0.0,0.0,0.0,0.0,0.0,0.0,0.0,-5.862068965517241,7.660141537192729
204,0.0,0.0,0.0,6.551724137931036,0.0,0.0,0.0,0.0,0.0,0.0,0.0,0.0,-5.862068965517241,17.116332840424384
205,0.0,0.0,0.0,7.241379310344829,0.0,0.0,0.0,0.0,0.0,0.0,0.0,0.0,-5.862068965517241,33.87946629026169
206,0.0,0.0,0.0,7.931034482758623,0.0,0.0,0.0,0.0,0.0,0.0,0.0,0.0,-5.862068965517241,64.2145633347521
207,0.0,0.0,0.0,8.620689655172416,0.0,0.0,0.0,0.0,0.0,0.0,0.0,0.0,-5.862068965517241,111.2784254222328
208,0.0,0.0,0.0,9.310344827586206,0.0,0.0,0.0,0.0,0.0,0.0,0.0,0.0,-5.862068965517241,118.8184890150042
209,0.0,0.0,0.0,10.0,0.0,0.0,0.0,0.0,0.0,0.0,0.0,0.0,-5.862068965517241,-4.334319126177734
210,0.0,0.0,0.0,-10.0,0.0,0.0,0.0,0.0,0.0,0.0,0.0,0.0,-5.172413793103448,-13.888029900041435
211,0.0,0.0,0.0,-9.310344827586206,0.0,0.0,0.0,0.0,0.0,0.0,0.0,0.0,-5.172413793103448,165.77010191553268
212,0.0,0.0,0.0,-8.620689655172413,0.0,0.0,0.0,0.0,0.0,0.0,0.0,0.0,-5.172413793103448,-115.08470146163283
213,0.0,0.0,0.0,-7.931034482758621,0.0,0.0,0.0,0.0,0.0,0.0,0.0,0.0,-5.172413793103448,-68.19347339308281
214,0.0,0.0,0.0,-7.241379310344827,0.0,0.0,0.0,0.0,0.0,0.0,0.0,0.0,-5.172413793103448,-40.67953044299593
215,0.0,0.0,0.0,-6.551724137931034,0.0,0.0,0.0,0.0,0.0,0.0,0.0,0.0,-5.172413793103448,-23.87232151900667
216,0.0,0.0,0.0,-5.862068965517241,0.0,0.0,0.0,0.0,0.0,0.0,0.0,0.0,-5.172413793103448,-12.248989987095708
217,0.0,0.0,0.0,-5.172413793103448,0.0,0.0,0.0,0.0,0.0,0.0,0.0,0.0,-5.172413793103448,-5.277191686970106
218,0.0,0.0,0.0,-4.482758620689655,0.0,0.0,0.0,0.0,0.0,0.0,0.0,0.0,-5.172413793103448,-2.456548760716874
219,0.0,0.0,0.0,-3.793103448275861,0.0,0.0,0.0,0.0,0.0,0.0,0.0,0.0,-5.172413793103448,-1.8791698009112832
220,0.0,0.0,0.0,-3.1034482758620685,0.0,0.0,0.0,0.0,0.0,0.0,0.0,0.0,-5.172413793103448,-1.5076222804242256
221,0.0,0.0,0.0,-2.413793103448276,0.0,0.0,0.0,0.0,0.0,0.0,0.0,0.0,-5.172413793103448,-0.3463370412662649
222,0.0,0.0,0.0,-1.7241379310344822,0.0,0.0,0.0,0.0,0.0,0.0,0.0,0.0,-5.172413793103448,0.42206881847714295
223,0.0,0.0,0.0,-1.0344827586206886,0.0,0.0,0.0,0.0,0.0,0.0,0.0,0.0,-5.172413793103448,-0.3407558183255905
224,0.0,0.0,0.0,-0.3448275862068968,0.0,0.0,0.0,0.0,0.0,0.0,0.0,0.0,-5.172413793103448,-2.2130959955568406
225,0.0,0.0,0.0,0.3448275862068968,0.0,0.0,0.0,0.0,0.0,0.0,0.0,0.0,-5.172413793103448,-3.3548347368344706
226,0.0,0.0,0.0,1.0344827586206904,0.0,0.0,0.0,0.0,0.0,0.0,0.0,0.0,-5.172413793103448,-3.105156472746778
227,0.0,0.0,0.0,1.724137931034484,0.0,0.0,0.0,0.0,0.0,0.0,0.0,0.0,-5.172413793103448,-2.1302234661567763
228,0.0,0.0,0.0,2.4137931034482776,0.0,0.0,0.0,0.0,0.0,0.0,0.0,0.0,-5.172413793103448,-2.87255560182994
229,0.0,0.0,0.0,3.1034482758620694,0.0,0.0,0.0,0.0,0.0,0.0,0.0,0.0,-5.172413793103448,-3.9128612114443397
230,0.0,0.0,0.0,3.793103448275863,0.0,0.0,0.0,0.0,0.0,0.0,0.0,0.0,-5.172413793103448,-3.011876940669087
231,0.0,0.0,0.0,4.482758620689657,0.0,0.0,0.0,0.0,0.0,0.0,0.0,0.0,-5.172413793103448,-0.6713560702138016
232,0.0,0.0,0.0,5.172413793103448,0.0,0.0,0.0,0.0,0.0,0.0,0.0,0.0,-5.172413793103448,3.133937608083543
233,0.0,0.0,0.0,5.862068965517242,0.0,0.0,0.0,0.0,0.0,0.0,0.0,0.0,-5.172413793103448,9.129780945710062
234,0.0,0.0,0.0,6.551724137931036,0.0,0.0,0.0,0.0,0.0,0.0,0.0,0.0,-5.172413793103448,18.571813207244844
235,0.0,0.0,0.0,7.241379310344829,0.0,0.0,0.0,0.0,0.0,0.0,0.0,0.0,-5.172413793103448,35.429768520122536
236,0.0,0.0,0.0,7.931034482758623,0.0,0.0,0.0,0.0,0.0,0.0,0.0,0.0,-5.172413793103448,64.8412266223004
237,0.0,0.0,0.0,8.620689655172416,0.0,0.0,0.0,0.0,0.0,0.0,0.0,0.0,-5.172413793103448,112.89949615410083
238,0.0,0.0,0.0,9.310344827586206,0.0,0.0,0.0,0.0,0.0,0.0,0.0,0.0,-5.172413793103448,133.85190037867144
239,0.0,0.0,0.0,10.0,0.0,0.0,0.0,0.0,0.0,0.0,0.0,0.0,-5.172413793103448,107.20257290549442
240,0.0,0.0,0.0,-10.0,0.0,0.0,0.0,0.0,0.0,0.0,0.0,0.0,-4.482758620689655,11.020744020882027
241,0.0,0.0,0.0,-9.310344827586206,0.0,0.0,0.0,0.0,0.0,0.0,0.0,0.0,-4.482758620689655,-142.00596141285374
242,0.0,0.0,0.0,-8.620689655172413,0.0,0.0,0.0,0.0,0.0,0.0,0.0,0.0,-4.482758620689655,-116.80485313184928
243,0.0,0.0,0.0,-7.931034482758621,0.0,0.0,0.0,0.0,0.0,0.0,0.0,0.0,-4.482758620689655,-69.10970728329747
244,0.0,0.0,0.0,-7.241379310344827,0.0,0.0,0.0,0.0,0.0,0.0,0.0,0.0,-4.482758620689655,-41.03676237398618
245,0.0,0.0,0.0,-6.551724137931034,0.0,0.0,0.0,0.0,0.0,0.0,0.0,0.0,-4.482758620689655,-24.270720754242348
246,0.0,0.0,0.0,-5.862068965517241,0.0,0.0,0.0,0.0,0.0,0.0,0.0,0.0,-4.482758620689655,-13.872064993698782
247,0.0,0.0,0.0,-5.172413793103448,0.0,0.0,0.0,0.0,0.0,0.0,0.0,0.0,-4.482758620689655,-6.635109284845203
248,0.0,0.0,0.0,-4.482758620689655,0.0,0.0,0.0,0.0,0.0,0.0,0.0,0.0,-4.482758620689655,-2.8450433949236134
249,0.0,0.0,0.0,-3.793103448275861,0.0,0.0,0.0,0.0,0.0,0.0,0.0,0.0,-4.482758620689655,-1.1247687192151752
250,0.0,0.0,0.0,-3.1034482758620685,0.0,0.0,0.0,0.0,0.0,0.0,0.0,0.0,-4.482758620689655,-1.8222728274993973
251,0.0,0.0,0.0,-2.413793103448276,0.0,0.0,0.0,0.0,0.0,0.0,0.0,0.0,-4.482758620689655,-0.9829813019839156
252,0.0,0.0,0.0,-1.7241379310344822,0.0,0.0,0.0,0.0,0.0,0.0,0.0,0.0,-4.482758620689655,-0.31566992452710474
253,0.0,0.0,0.0,-1.0344827586206886,0.0,0.0,0.0,0.0,0.0,0.0,0.0,0.0,-4.482758620689655,-0.004329301358091342
254,0.0,0.0,0.0,-0.3448275862068968,0.0,0.0,0.0,0.0,0.0,0.0,0.0,0.0,-4.482758620689655,-1.3145056592419393
255,0.0,0.0,0.0,0.3448275862068968,0.0,0.0,0.0,0.0,0.0,0.0,0.0,0.0,-4.482758620689655,-2.7497478886853988
256,0.0,0.0,0.0,1.0344827586206904,0.0,0.0,0.0,0.0,0.0,0.0,0.0,0.0,-4.482758620689655,-3.1939763422873213
257,0.0,0.0,0.0,1.724137931034484,0.0,0.0,0.0,0.0,0.0,0.0,0.0,0.0,-4.482758620689655,-2.1063889421272153
258,0.0,0.0,0.0,2.4137931034482776,0.0,0.0,0.0,0.0,0.0,0.0,0.0,0.0,-4.482758620689655,-1.912487777802317
259,0.0,0.0,0.0,3.1034482758620694,0.0,0.0,0.0,0.0,0.0,0.0,0.0,0.0,-4.482758620689655,-2.6845488507525905
260,0.0,0.0,0.0,3.793103448275863,0.0,0.0,0.0,0.0,0.0,0.0,0.0,0.0,-4.482758620689655,-2.2854620599316453
261,0.0,0.0,0.0,4.482758620689657,0.0,0.0,0.0,0.0,0.0,0.0,0.0,0.0,-4.482758620689655,0.14429391414892379
262,0.0,0.0,0.0,5.172413793103448,0.0,0.0,0.0,0.0,0.0,0.0,0.0,0.0,-4.482758620689655,4.091592835904065
263,0.0,0.0,0.0,5.862068965517242,0.0,0.0,0.0,0.0,0.0,0.0,0.0,0.0,-4.482758620689655,10.910559855896562
264,0.0,0.0,0.0,6.551724137931036,0.0,0.0,0.0,0.0,0.0,0.0,0.0,0.0,-4.482758620689655,20.82273640415997
265,0.0,0.0,0.0,7.241379310344829,0.0,0.0,0.0,0.0,0.0,0.0,0.0,0.0,-4.482758620689655,37.365262296861644
266,0.0,0.0,0.0,7.931034482758623,0.0,0.0,0.0,0.0,0.0,0.0,0.0,0.0,-4.482758620689655,66.21704520710028
267,0.0,0.0,0.0,8.620689655172416,0.0,0.0,0.0,0.0,0.0,0.0,0.0,0.0,-4.482758620689655,114.46538148666941
268,0.0,0.0,0.0,9.310344827586206,0.0,0.0,0.0,0.0,0.0,0.0,0.0,0.0,-4.482758620689655,131.25132404878312
269,0.0,0.0,0.0,10.0,0.0,0.0,0.0,0.0,0.0,0.0,0.0,0.0,-4.482758620689655,4.290752899282465
270,0.0,0.0,0.0,-10.0,0.0,0.0,0.0,0.0,0.0,0.0,0.0,0.0,-3.793103448275861,-3.273875363121912
271,0.0,0.0,0.0,-9.310344827586206,0.0,0.0,0.0,0.0,0.0,0.0,0.0,0.0,-3.793103448275861,-136.74049122473724
272,0.0,0.0,0.0,-8.620689655172413,0.0,0.0,0.0,0.0,0.0,0.0,0.0,0.0,-3.793103448275861,-118.45359730070915
273,0.0,0.0,0.0,-7.931034482758621,0.0,0.0,0.0,0.0,0.0,0.0,0.0,0.0,-3.793103448275861,-70.44049472994257
274,0.0,0.0,0.0,-7.241379310344827,0.0,0.0,0.0,0.0,0.0,0.0,0.0,0.0,-3.793103448275861,-41.67439636697384
275,0.0,0.0,0.0,-6.551724137931034,0.0,0.0,0.0,0.0,0.0,0.0,0.0,0.0,-3.793103448275861,-25.061788441141434
276,0.0,0.0,0.0,-5.862068965517241,0.0,0.0,0.0,0.0,0.0,0.0,0.0,0.0,-3.793103448275861,-15.044242284803271
277,0.0,0.0,0.0,-5.172413793103448,0.0,0.0,0.0,0.0,0.0,0.0,0.0,0.0,-3.793103448275861,-8.073297832171109
278,0.0,0.0,0.0,-4.482758620689655,0.0,0.0,0.0,0.0,0.0,0.0,0.0,0.0,-3.793103448275861,-3.2901378601953066
279,0.0,0.0,0.0,-3.793103448275861,0.0,0.0,0.0,0.0,0.0,0.0,0.0,0.0,-3.793103448275861,-1.367748309998827
280,0.0,0.0,0.0,-3.1034482758620685,0.0,0.0,0.0,0.0,0.0,0.0,0.0,0.0,-3.793103448275861,-2.1102101812736365
281,0.0,0.0,0.0,-2.413793103448276,0.0,0.0,0.0,0.0,0.0,0.0,0.0,0.0,-3.793103448275861,-1.0483658338081736
282,0.0,0.0,0.0,-1.7241379310344822,0.0,0.0,0.0,0.0,0.0,0.0,0.0,0.0,-3.793103448275861,-0.8884204943578314
283,0.0,0.0,0.0,-1.0344827586206886,0.0,0.0,0.0,0.0,0.0,0.0,0.0,0.0,-3.793103448275861,0.5156652013915327
284,0.0,0.0,0.0,-0.3448275862068968,0.0,0.0,0.0,0.0,0.0,0.0,0.0,0.0,-3.793103448275861,-0.7859039170548598
285,0.0,0.0,0.0,0.3448275862068968,0.0,0.0,0.0,0.0,0.0,0.0,0.0,0.0,-3.793103448275861,-2.2834015831903605
286,0.0,0.0,0.0,1.0344827586206904,0.0,0.0,0.0,0.0,0.0,0.0,0.0,0.0,-3.793103448275861,-2.566860024779323
287,0.0,0.0,0.0,1.724137931034484,0.0,0.0,0.0,0.0,0.0,0.0,0.0,0.0,-3.793103448275861,-2.4845165504782094
288,0.0,0.0,0.0,2.4137931034482776,0.0,0.0,0.0,0.0,0.0,0.0,0.0,0.0,-3.793103448275861,-0.937518078793776
289,0.0,0.0,0.0,3.1034482758620694,0.0,0.0,0.0,0.0,0.0,0.0,0.0,0.0,-3.793103448275861,-0.8271597436744969
290,0.0,0.0,0.0,3.793103448275863,0.0,0.0,0.0,0.0,0.0,0.0,0.0,0.0,-3.793103448275861,-1.085253703838873
291,0.0,0.0,0.0,4.482758620689657,0.0,0.0,0.0,0.0,0.0,0.0,0.0,0.0,-3.793103448275861,0.3604009785557645
292,0.0,0.0,0.0,5.172413793103448,0.0,0.0,0.0,0.0,0.0,0.0,0.0,0.0,-3.793103448275861,5.0249295882275895
293,0.0,0.0,0.0,5.862068965517242,0.0,0.0,0.0,0.0,0.0,0.0,0.0,0.0,-3.793103448275861,12.107658736884863
294,0.0,0.0,0.0,6.551724137931036,0.0,0.0,0.0,0.0,0.0,0.0,0.0,0.0,-3.793103448275861,22.311717094077064
295,0.0,0.0,0.0,7.241379310344829,0.0,0.0,0.0,0.0,0.0,0.0,0.0,0.0,-3.793103448275861,39.420594213229634
296,0.0,0.0,0.0,7.931034482758623,0.0,0.0,0.0,0.0,0.0,0.0,0.0,0.0,-3.793103448275861,67.51028334860224
297,0.0,0.0,0.0,8.620689655172416,0.0,0.0,0.0,0.0,0.0,0.0,0.0,0.0,-3.793103448275861,115.22129525738102
298,0.0,0.0,0.0,9.310344827586206,0.0,0.0,0.0,0.0,0.0,0.0,0.0,0.0,-3.793103448275861,154.42310871467114
299,0.0,0.0,0.0,10.0,0.0,0.0,0.0,0.0,0.0,0.0,0.0,0.0,-3.793103448275861,-20.377018805938473
300,0.0,0.0,0.0,-10.0,0.0,0.0,0.0,0.0,0.0,0.0,0.0,0.0,-3.1034482758620685,12.14737661047387
301,0.0,0.0,0.0,-9.310344827586206,0.0,0.0,0.0,0.0,0.0,0.0,0.0,0.0,-3.1034482758620685,-107.63066842960237
302,0.0,0.0,0.0,-8.620689655172413,0.0,0.0,0.0,0.0,0.0,0.0,0.0,0.0,-3.1034482758620685,-120.29986767134966
303,0.0,0.0,0.0,-7.931034482758621,0.0,0.0,0.0,0.0,0.0,0.0,0.0,0.0,-3.1034482758620685,-71.8868409041285
304,0.0,0.0,0.0,-7.241379310344827,0.0,0.0,0.0,0.0,0.0,0.0,0.0,0.0,-3.1034482758620685,-42.21139380333199
305,0.0,0.0,0.0,-6.551724137931034,0.0,0.0,0.0,0.0,0.0,0.0,0.0,0.0,-3.1034482758620685,-25.807358388074515
306,0.0,0.0,0.0,-5.862068965517241,0.0,0.0,0.0,0.0,0.0,0.0,0.0,0.0,-3.1034482758620685,-15.934611215823189
307,0.0,0.0,0.0,-5.172413793103448,0.0,0.0,0.0,0.0,0.0,0.0,0.0,0.0,-3.1034482758620685,-9.068576145300046
308,0.0,0.0,0.0,-4.482758620689655,0.0,0.0,0.0,0.0,0.0,0.0,0.0,0.0,-3.1034482758620685,-4.2402100850564635
309,0.0,0.0,0.0,-3.793103448275861,0.0,0.0,0.0,0.0,0.0,0.0,0.0,0.0,-3.1034482758620685,-1.076424679252439
310,0.0,0.0,0.0,-3.1034482758620685,0.0,0.0,0.0,0.0,0.0,0.0,0.0,0.0,-3.1034482758620685,-0.5701318903710417
311,0.0,0.0,0.0,-2.413793103448276,0.0,0.0,0.0,0.0,0.0,0.0,0.0,0.0,-3.1034482758620685,-1.643911744616079
312,0.0,0.0,0.0,-1.7241379310344822,0.0,0.0,0.0,0.0,0.0,0.0,0.0,0.0,-3.1034482758620685,-1.2637900778633617
313,0.0,0.0,0.0,-1.0344827586206886,0.0,0.0,0.0,0.0,0.0,0.0,0.0,0.0,-3.1034482758620685,-0.7804282213551771
314,0.0,0.0,0.0,-0.3448275862068968,0.0,0.0,0.0,0.0,0.0,0.0,0.0,0.0,-3.1034482758620685,0.22556599143246556
315,0.0,0.0,0.0,0.3448275862068968,0.0,0.0,0.0,0.0,0.0,0.0,0.0,0.0,-3.1034482758620685,-1.3440264079693873
316,0.0,0.0,0.0,1.0344827586206904,0.0,0.0,0.0,0.0,0.0,0.0,0.0,0.0,-3.1034482758620685,-2.2549509903268157
317,0.0,0.0,0.0,1.724137931034484,0.0,0.0,0.0,0.0,0.0,0.0,0.0,0.0,-3.1034482758620685,-2.334267728957239
318,0.0,0.0,0.0,2.4137931034482776,0.0,0.0,0.0,0.0,0.0,0.0,0.0,0.0,-3.1034482758620685,-0.7761519095539207
319,0.0,0.0,0.0,3.1034482758620694,0.0,0.0,0.0,0.0,0.0,0.0,0.0,0.0,-3.1034482758620685,0.008487607846735076
320,0.0,0.0,0.0,3.793103448275863,0.0,0.0,0.0,0.0,0.0,0.0,0.0,0.0,-3.1034482758620685,-0.07088302837765234
321,0.0,0.0,0.0,4.482758620689657,0.0,0.0,0.0,0.0,0.0,0.0,0.0,0.0,-3.1034482758620685,1.358717642424348
322,0.0,0.0,0.0,5.172413793103448,0.0,0.0,0.0,0.0,0.0,0.0,0.0,0.0,-3.1034482758620685,5.416892223341227
323,0.0,0.0,0.0,5.862068965517242,0.0,0.0,0.0,0.0,0.0,0.0,0.0,0.0,-3.1034482758620685,13.005406584290679
324,0.0,0.0,0.0,6.551724137931036,0.0,0.0,0.0,0.0,0.0,0.0,0.0,0.0,-3.1034482758620685,23.805576799305395
325,0.0,0.0,0.0,7.241379310344829,0.0,0.0,0.0,0.0,0.0,0.0,0.0,0.0,-3.1034482758620685,40.897582636464136
326,0.0,0.0,0.0,7.931034482758623,0.0,0.0,0.0,0.0,0.0,0.0,0.0,0.0,-3.1034482758620685,68.89244444010141
327,0.0,0.0,0.0,8.620689655172416,0.0,0.0,0.0,0.0,0.0,0.0,0.0,0.0,-3.1034482758620685,117.15779009598101
328,0.0,0.0,0.0,9.310344827586206,0.0,0.0,0.0,0.0,0.0,0.0,0.0,0.0,-3.1034482758620685,135.59441280131384
329,0.0,0.0,0.0,10.0,0.0,0.0,0.0,0.0,0.0,0.0,0.0,0.0,-3.1034482758620685,20.207077063642245
330,0.0,0.0,0.0,-10.0,0.0,0.0,0.0,0.0,0.0,0.0,0.0,0.0,-2.413793103448276,-15.693481519052678
331,0.0,0.0,0.0,-9.310344827586206,0.0,0.0,0.0,0.0,0.0,0.0,0.0,0.0,-2.413793103448276,-139.21196675779447
332,0.0,0.0,0.0,-8.620689655172413,0.0,0.0,0.0,0.0,0.0,0.0,0.0,0.0,-2.413793103448276,-121.73492224463754
333,0.0,0.0,0.0,-7.931034482758621,0.0,0.0,0.0,0.0,0.0,0.0,0.0,0.0,-2.413793103448276,-73.08241755867569
334,0.0,0.0,0.0,-7.241379310344827,0.0,0.0,0.0,0.0,0.0,0.0,0.0,0.0,-2.413793103448276,-43.065761949377816
335,0.0,0.0,0.0,-6.551724137931034,0.0,0.0,0.0,0.0,0.0,0.0,0.0,0.0,-2.413793103448276,-26.31273441511924
336,0.0,0.0,0.0,-5.862068965517241,0.0,0.0,0.0,0.0,0.0,0.0,0.0,0.0,-2.413793103448276,-16.077135775425635
337,0.0,0.0,0.0,-5.172413793103448,0.0,0.0,0.0,0.0,0.0,0.0,0.0,0.0,-2.413793103448276,-9.424242386557639
338,0.0,0.0,0.0,-4.482758620689655,0.0,0.0,0.0,0.0,0.0,0.0,0.0,0.0,-2.413793103448276,-4.890424112430554
339,0.0,0.0,0.0,-3.793103448275861,0.0,0.0,0.0,0.0,0.0,0.0,0.0,0.0,-2.413793103448276,-1.7659683066975682
340,0.0,0.0,0.0,-3.1034482758620685,0.0,0.0,0.0,0.0,0.0,0.0,0.0,0.0,-2.413793103448276,-1.5525881587523924
341,0.0,0.0,0.0,-2.413793103448276,0.0,0.0,0.0,0.0,0.0,0.0,0.0,0.0,-2.413793103448276,-1.9100698849666964
342,0.0,0.0,0.0,-1.7241379310344822,0.0,0.0,0.0,0.0,0.0,0.0,0.0,0.0,-2.413793103448276,-1.8973293564419915
343,0.0,0.0,0.0,-1.0344827586206886,0.0,0.0,0.0,0.0,0.0,0.0,0.0,0.0,-2.413793103448276,-0.5247361959691713
344,0.0,0.0,0.0,-0.3448275862068968,0.0,0.0,0.0,0.0,0.0,0.0,0.0,0.0,-2.413793103448276,-0.28359794675190964
345,0.0,0.0,0.0,0.3448275862068968,0.0,0.0,0.0,0.0,0.0,0.0,0.0,0.0,-2.413793103448276,-0.9281641892879238
346,0.0,0.0,0.0,1.0344827586206904,0.0,0.0,0.0,0.0,0.0,0.0,0.0,0.0,-2.413793103448276,-1.9851940171249516
347,0.0,0.0,0.0,1.724137931034484,0.0,0.0,0.0,0.0,0.0,0.0,0.0,0.0,-2.413793103448276,-2.3240451940375864
348,0.0,0.0,0.0,2.4137931034482776,0.0,0.0,0.0,0.0,0.0,0.0,0.0,0.0,-2.413793103448276,-0.7820840836546722
349,0.0,0.0,0.0,3.1034482758620694,0.0,0.0,0.0,0.0,0.0,0.0,0.0,0.0,-2.413793103448276,0.915178738103877
350,0.0,0.0,0.0,3.793103448275863,0.0,0.0,0.0,0.0,0.0,0.0,0.0,0.0,-2.413793103448276,1.5353392989972445
351,0.0,0.0,0.0,4.482758620689657,0.0,0.0,0.0,0.0,0.0,0.0,0.0,0.0,-2.413793103448276,2.476814245595516
352,0.0,0.0,0.0,5.172413793103448,0.0,0.0,0.0,0.0,0.0,0.0,0.0,0.0,-2.413793103448276,6.1755449234964015
353,0.0,0.0,0.0,5.862068965517242,0.0,0.0,0.0,0.0,0.0,0.0,0.0,0.0,-2.413793103448276,13.88174759494735
354,0.0,0.0,0.0,6.551724137931036,0.0,0.0,0.0,0.0,0.0,0.0,0.0,0.0,-2.413793103448276,25.46802882438617
355,0.0,0.0,0.0,7.241379310344829,0.0,0.0,0.0,0.0,0.0,0.0,0.0,0.0,-2.413793103448276,43.051319444324186
356,0.0,0.0,0.0,7.931034482758623,0.0,0.0,0.0,0.0,0.0,0.0,0.0,0.0,-2.413793103448276,70.99475020327134
357,0.0,0.0,0.0,8.620689655172416,0.0,0.0,0.0,0.0,0.0,0.0,0.0,0.0,-2.413793103448276,118.62984035110131
358,0.0,0.0,0.0,9.310344827586206,0.0,0.0,0.0,0.0,0.0,0.0,0.0,0.0,-2.413793103448276,137.63881707261837
359,0.0,0.0,0.0,10.0,0.0,0.0,0.0,0.0,0.0,0.0,0.0,0.0,-2.413793103448276,-1.759889577449992
360,0.0,0.0,0.0,-10.0,0.0,0.0,0.0,0.0,0.0,0.0,0.0,0.0,-1.7241379310344822,8.414228822707328
361,0.0,0.0,0.0,-9.310344827586206,0.0,0.0,0.0,0.0,0.0,0.0,0.0,0.0,-1.7241379310344822,-136.1188179566339
362,0.0,0.0,0.0,-8.620689655172413,0.0,0.0,0.0,0.0,0.0,0.0,0.0,0.0,-1.7241379310344822,-123.03025022368789
363,0.0,0.0,0.0,-7.931034482758621,0.0,0.0,0.0,0.0,0.0,0.0,0.0,0.0,-1.7241379310344822,-74.06073958341476
364,0.0,0.0,0.0,-7.241379310344827,0.0,0.0,0.0,0.0,0.0,0.0,0.0,0.0,-1.7241379310344822,-44.20192868070194
365,0.0,0.0,0.0,-6.551724137931034,0.0,0.0,0.0,0.0,0.0,0.0,0.0,0.0,-1.7241379310344822,-27.211935081754927
366,0.0,0.0,0.0,-5.862068965517241,0.0,0.0,0.0,0.0,0.0,0.0,0.0,0.0,-1.7241379310344822,-17.006995957450815
367,0.0,0.0,0.0,-5.172413793103448,0.0,0.0,0.0,0.0,0.0,0.0,0.0,0.0,-1.7241379310344822,-10.546208097602262
368,0.0,0.0,0.0,-4.482758620689655,0.0,0.0,0.0,0.0,0.0,0.0,0.0,0.0,-1.7241379310344822,-5.560548501598009
369,0.0,0.0,0.0,-3.793103448275861,0.0,0.0,0.0,0.0,0.0,0.0,0.0,0.0,-1.7241379310344822,-2.688346363465533
370,0.0,0.0,0.0,-3.1034482758620685,0.0,0.0,0.0,0.0,0.0,0.0,0.0,0.0,-1.7241379310344822,-1.6136373827979313
371,0.0,0.0,0.0,-2.413793103448276,0.0,0.0,0.0,0.0,0.0,0.0,0.0,0.0,-1.7241379310344822,-1.3353600116044027
372,0.0,0.0,0.0,-1.7241379310344822,0.0,0.0,0.0,0.0,0.0,0.0,0.0,0.0,-1.7241379310344822,-1.8202467849128259
373,0.0,0.0,0.0,-1.0344827586206886,0.0,0.0,0.0,0.0,0.0,0.0,0.0,0.0,-1.7241379310344822,-0.9419505184305823
374,0.0,0.0,0.0,-0.3448275862068968,0.0,0.0,0.0,0.0,0.0,0.0,0.0,0.0,-1.7241379310344822,0.6005349176610063
375,0.0,0.0,0.0,0.3448275862068968,0.0,0.0,0.0,0.0,0.0,0.0,0.0,0.0,-1.7241379310344822,-0.1274631541612401
376,0.0,0.0,0.0,1.0344827586206904,0.0,0.0,0.0,0.0,0.0,0.0,0.0,0.0,-1.7241379310344822,-1.6618328622053586
377,0.0,0.0,0.0,1.724137931034484,0.0,0.0,0.0,0.0,0.0,0.0,0.0,0.0,-1.7241379310344822,-1.6934695123143795
378,0.0,0.0,0.0,2.4137931034482776,0.0,0.0,0.0,0.0,0.0,0.0,0.0,0.0,-1.7241379310344822,-0.391711603178063
379,0.0,0.0,0.0,3.1034482758620694,0.0,0.0,0.0,0.0,0.0,0.0,0.0,0.0,-1.7241379310344822,1.7806366525112853
380,0.0,0.0,0.0,3.793103448275863,0.0,0.0,0.0,0.0,0.0,0.0,0.0,0.0,-1.7241379310344822,2.804952344372342
381,0.0,0.0,0.0,4.482758620689657,0.0,0.0,0.0,0.0,0.0,0.0,0.0,0.0,-1.7241379310344822,3.962417229532529
382,0.0,0.0,0.0,5.172413793103448,0.0,0.0,0.0,0.0,0.0,0.0,0.0,0.0,-1.7241379310344822,7.25895580366265
383,0.0,0.0,0.0,5.862068965517242,0.0,0.0,0.0,0.0,0.0,0.0,0.0,0.0,-1.7241379310344822,14.987099903771794
384,0.0,0.0,0.0,6.551724137931036,0.0,0.0,0.0,0.0,0.0,0.0,0.0,0.0,-1.7241379310344822,27.172842989605627
385,0.0,0.0,0.0,7.241379310344829,0.0,0.0,0.0,0.0,0.0,0.0,0.0,0.0,-1.7241379310344822,44.58812937377932
386,0.0,0.0,0.0,7.931034482758623,0.0,0.0,0.0,0.0,0.0,0.0,0.0,0.0,-1.7241379310344822,72.85976245611441
387,0.0,0.0,0.0,8.620689655172416,0.0,0.0,0.0,0.0,0.0,0.0,0.0,0.0,-1.7241379310344822,119.96838996166707
388,0.0,0.0,0.0,9.310344827586206,0.0,0.0,0.0,0.0,0.0,0.0,0.0,0.0,-1.7241379310344822,219.62185949491823
389,0.0,0.0,0.0,10.0,0.0,0.0,0.0,0.0,0.0,0.0,0.0,0.0,-1.7241379310344822,4.369535492172243
390,0.0,0.0,0.0,-10.0,0.0,0.0,0.0,0.0,0.0,0.0,0.0,0.0,-1.0344827586206886,-24.311116410294908
391,0.0,0.0,0.0,-9.310344827586206,0.0,0.0,0.0,0.0,0.0,0.0,0.0,0.0,-1.0344827586206886,-138.36033736436093
392,0.0,0.0,0.0,-8.620689655172413,0.0,0.0,0.0,0.0,0.0,0.0,0.0,0.0,-1.0344827586206886,-124.54940520434815
393,0.0,0.0,0.0,-7.931034482758621,0.0,0.0,0.0,0.0,0.0,0.0,0.0,0.0,-1.0344827586206886,-75.413138184788
394,0.0,0.0,0.0,-7.241379310344827,0.0,0.0,0.0,0.0,0.0,0.0,0.0,0.0,-1.0344827586206886,-45.23987358808725
395,0.0,0.0,0.0,-6.551724137931034,0.0,0.0,0.0,0.0,0.0,0.0,0.0,0.0,-1.0344827586206886,-27.507401234242366
396,0.0,0.0,0.0,-5.862068965517241,0.0,0.0,0.0,0.0,0.0,0.0,0.0,0.0,-1.0344827586206886,-17.788946100671083
397,0.0,0.0,0.0,-5.172413793103448,0.0,0.0,0.0,0.0,0.0,0.0,0.0,0.0,-1.0344827586206886,-11.48918231452938
398,0.0,0.0,0.0,-4.482758620689655,0.0,0.0,0.0,0.0,0.0,0.0,0.0,0.0,-1.0344827586206886,-5.894447917924482
399,0.0,0.0,0.0,-3.793103448275861,0.0,0.0,0.0,0.0,0.0,0.0,0.0,0.0,-1.0344827586206886,-3.112554843827845
400,0.0,0.0,0.0,-3.1034482758620685,0.0,0.0,0.0,0.0,0.0,0.0,0.0,0.0,-1.0344827586206886,-1.6857639236660489
401,0.0,0.0,0.0,-2.413793103448276,0.0,0.0,0.0,0.0,0.0,0.0,0.0,0.0,-1.0344827586206886,-1.7622628192489096
402,0.0,0.0,0.0,-1.7241379310344822,0.0,0.0,0.0,0.0,0.0,0.0,0.0,0.0,-1.0344827586206886,-1.8207214778170115
403,0.0,0.0,0.0,-1.0344827586206886,0.0,0.0,0.0,0.0,0.0,0.0,0.0,0.0,-1.0344827586206886,-0.4930392774959989
404,0.0,0.0,0.0,-0.3448275862068968,0.0,0.0,0.0,0.0,0.0,0.0,0.0,0.0,-1.0344827586206886,0.40324235039730044
405,0.0,0.0,0.0,0.3448275862068968,0.0,0.0,0.0,0.0,0.0,0.0,0.0,0.0,-1.0344827586206886,0.531269880092886
406,0.0,0.0,0.0,1.0344827586206904,0.0,0.0,0.0,0.0,0.0,0.0,0.0,0.0,-1.0344827586206886,-0.9587716247077689
407,0.0,0.0,0.0,1.724137931034484,0.0,0.0,0.0,0.0,0.0,0.0,0.0,0.0,-1.0344827586206886,-0.7196372498658209
408,0.0,0.0,0.0,2.4137931034482776,0.0,0.0,0.0,0.0,0.0,0.0,0.0,0.0,-1.0344827586206886,0.24003209451132423
409,0.0,0.0,0.0,3.1034482758620694,0.0,0.0,0.0,0.0,0.0,0.0,0.0,0.0,-1.0344827586206886,2.054438428633068
410,0.0,0.0,0.0,3.793103448275863,0.0,0.0,0.0,0.0,0.0,0.0,0.0,0.0,-1.0344827586206886,3.3707596729201543
411,0.0,0.0,0.0,4.482758620689657,0.0,0.0,0.0,0.0,0.0,0.0,0.0,0.0,-1.0344827586206886,5.370615071725384
412,0.0,0.0,0.0,5.172413793103448,0.0,0.0,0.0,0.0,0.0,0.0,0.0,0.0,-1.0344827586206886,8.2131060549862
413,0.0,0.0,0.0,5.862068965517242,0.0,0.0,0.0,0.0,0.0,0.0,0.0,0.0,-1.0344827586206886,15.722218852718006
414,0.0,0.0,0.0,6.551724137931036,0.0,0.0,0.0,0.0,0.0,0.0,0.0,0.0,-1.0344827586206886,27.433050411549875
415,0.0,0.0,0.0,7.241379310344829,0.0,0.0,0.0,0.0,0.0,0.0,0.0,0.0,-1.0344827586206886,46.392950611099586
416,0.0,0.0,0.0,7.931034482758623,0.0,0.0,0.0,0.0,0.0,0.0,0.0,0.0,-1.0344827586206886,74.92826334297648
417,0.0,0.0,0.0,8.620689655172416,0.0,0.0,0.0,0.0,0.0,0.0,0.0,0.0,-1.0344827586206886,121.2685019612711
418,0.0,0.0,0.0,9.310344827586206,0.0,0.0,0.0,0.0,0.0,0.0,0.0,0.0,-1.0344827586206886,138.43630383139367
419,0.0,0.0,0.0,10.0,0.0,0.0,0.0,0.0,0.0,0.0,0.0,0.0,-1.0344827586206886,5.798201144978722
420,0.0,0.0,0.0,-10.0,0.0,0.0,0.0,0.0,0.0,0.0,0.0,0.0,-0.3448275862068968,-6.391776909077719
421,0.0,0.0,0.0,-9.310344827586206,0.0,0.0,0.0,0.0,0.0,0.0,0.0,0.0,-0.3448275862068968,-136.65025335184572
422,0.0,0.0,0.0,-8.620689655172413,0.0,0.0,0.0,0.0,0.0,0.0,0.0,0.0,-0.3448275862068968,-125.63290520321758
423,0.0,0.0,0.0,-7.931034482758621,0.0,0.0,0.0,0.0,0.0,0.0,0.0,0.0,-0.3448275862068968,-76.70972549386914
424,0.0,0.0,0.0,-7.241379310344827,0.0,0.0,0.0,0.0,0.0,0.0,0.0,0.0,-0.3448275862068968,-45.807181980988545
425,0.0,0.0,0.0,-6.551724137931034,0.0,0.0,0.0,0.0,0.0,0.0,0.0,0.0,-0.3448275862068968,-28.274066272972018
426,0.0,0.0,0.0,-5.862068965517241,0.0,0.0,0.0,0.0,0.0,0.0,0.0,0.0,-0.3448275862068968,-18.55319823340353
427,0.0,0.0,0.0,-5.172413793103448,0.0,0.0,0.0,0.0,0.0,0.0,0.0,0.0,-0.3448275862068968,-12.098669437291921
428,0.0,0.0,0.0,-4.482758620689655,0.0,0.0,0.0,0.0,0.0,0.0,0.0,0.0,-0.3448275862068968,-7.144159597111081
429,0.0,0.0,0.0,-3.793103448275861,0.0,0.0,0.0,0.0,0.0,0.0,0.0,0.0,-0.3448275862068968,-3.6874174037714913
430,0.0,0.0,0.0,-3.1034482758620685,0.0,0.0,0.0,0.0,0.0,0.0,0.0,0.0,-0.3448275862068968,-1.7231313063701568
431,0.0,0.0,0.0,-2.413793103448276,0.0,0.0,0.0,0.0,0.0,0.0,0.0,0.0,-0.3448275862068968,-1.3777953469103648
432,0.0,0.0,0.0,-1.7241379310344822,0.0,0.0,0.0,0.0,0.0,0.0,0.0,0.0,-0.3448275862068968,-2.105768220447003
433,0.0,0.0,0.0,-1.0344827586206886,0.0,0.0,0.0,0.0,0.0,0.0,0.0,0.0,-0.3448275862068968,-0.3396428859961127
434,0.0,0.0,0.0,-0.3448275862068968,0.0,0.0,0.0,0.0,0.0,0.0,0.0,0.0,-0.3448275862068968,0.7643333229207456
435,0.0,0.0,0.0,0.3448275862068968,0.0,0.0,0.0,0.0,0.0,0.0,0.0,0.0,-0.3448275862068968,0.5561876110975863
436,0.0,0.0,0.0,1.0344827586206904,0.0,0.0,0.0,0.0,0.0,0.0,0.0,0.0,-0.3448275862068968,0.1656360652072397
437,0.0,0.0,0.0,1.724137931034484,0.0,0.0,0.0,0.0,0.0,0.0,0.0,0.0,-0.3448275862068968,-0.16871412183296314
438,0.0,0.0,0.0,2.4137931034482776,0.0,0.0,0.0,0.0,0.0,0.0,0.0,0.0,-0.3448275862068968,0.44604972225132006
439,0.0,0.0,0.0,3.1034482758620694,0.0,0.0,0.0,0.0,0.0,0.0,0.0,0.0,-0.3448275862068968,3.2342630731970603
440,0.0,0.0,0.0,3.793103448275863,0.0,0.0,0.0,0.0,0.0,0.0,0.0,0.0,-0.3448275862068968,4.362641452732949
441,0.0,0.0,0.0,4.482758620689657,0.0,0.0,0.0,0.0,0.0,0.0,0.0,0.0,-0.3448275862068968,6.1503630192262575
442,0.0,0.0,0.0,5.172413793103448,0.0,0.0,0.0,0.0,0.0,0.0,0.0,0.0,-0.3448275862068968,9.40078410874326
443,0.0,0.0,0.0,5.862068965517242,0.0,0.0,0.0,0.0,0.0,0.0,0.0,0.0,-0.3448275862068968,16.92118489084395
444,0.0,0.0,0.0,6.551724137931036,0.0,0.0,0.0,0.0,0.0,0.0,0.0,0.0,-0.3448275862068968,28.93315940212924
445,0.0,0.0,0.0,7.241379310344829,0.0,0.0,0.0,0.0,0.0,0.0,0.0,0.0,-0.3448275862068968,47.31978315098886
446,0.0,0.0,0.0,7.931034482758623,0.0,0.0,0.0,0.0,0.0,0.0,0.0,0.0,-0.3448275862068968,76.06897395133154
447,0.0,0.0,0.0,8.620689655172416,0.0,0.0,0.0,0.0,0.0,0.0,0.0,0.0,-0.3448275862068968,122.97447511818852
448,0.0,0.0,0.0,9.310344827586206,0.0,0.0,0.0,0.0,0.0,0.0,0.0,0.0,-0.3448275862068968,136.58905486975883
449,0.0,0.0,0.0,10.0,0.0,0.0,0.0,0.0,0.0,0.0,0.0,0.0,-0.3448275862068968,3.2449065998192466
450,0.0,0.0,0.0,-10.0,0.0,0.0,0.0,0.0,0.0,0.0,0.0,0.0,0.3448275862068968,61.1021408433004
451,0.0,0.0,0.0,-9.310344827586206,0.0,0.0,0.0,0.0,0.0,0.0,0.0,0.0,0.3448275862068968,-139.2513635911579
452,0.0,0.0,0.0,-8.620689655172413,0.0,0.0,0.0,0.0,0.0,0.0,0.0,0.0,0.3448275862068968,-127.0462429067922
453,0.0,0.0,0.0,-7.931034482758621,0.0,0.0,0.0,0.0,0.0,0.0,0.0,0.0,0.3448275862068968,-78.2812885949311
454,0.0,0.0,0.0,-7.241379310344827,0.0,0.0,0.0,0.0,0.0,0.0,0.0,0.0,0.3448275862068968,-47.448130748281706
455,0.0,0.0,0.0,-6.551724137931034,0.0,0.0,0.0,0.0,0.0,0.0,0.0,0.0,0.3448275862068968,-29.350301573303344
456,0.0,0.0,0.0,-5.862068965517241,0.0,0.0,0.0,0.0,0.0,0.0,0.0,0.0,0.3448275862068968,-19.316988002523658
457,0.0,0.0,0.0,-5.172413793103448,0.0,0.0,0.0,0.0,0.0,0.0,0.0,0.0,0.3448275862068968,-12.055022242742854
458,0.0,0.0,0.0,-4.482758620689655,0.0,0.0,0.0,0.0,0.0,0.0,0.0,0.0,0.3448275862068968,-7.297808927430057
459,0.0,0.0,0.0,-3.793103448275861,0.0,0.0,0.0,0.0,0.0,0.0,0.0,0.0,0.3448275862068968,-3.4459661151561787
460,0.0,0.0,0.0,-3.1034482758620685,0.0,0.0,0.0,0.0,0.0,0.0,0.0,0.0,0.3448275862068968,-2.4202570158642165
461,0.0,0.0,0.0,-2.413793103448276,0.0,0.0,0.0,0.0,0.0,0.0,0.0,0.0,0.3448275862068968,-2.0246908798881664
462,0.0,0.0,0.0,-1.7241379310344822,0.0,0.0,0.0,0.0,0.0,0.0,0.0,0.0,0.3448275862068968,-2.3470818686314567
463,0.0,0.0,0.0,-1.0344827586206886,0.0,0.0,0.0,0.0,0.0,0.0,0.0,0.0,0.3448275862068968,-1.0748284522254739
464,0.0,0.0,0.0,-0.3448275862068968,0.0,0.0,0.0,0.0,0.0,0.0,0.0,0.0,0.3448275862068968,0.9428841247811337
465,0.0,0.0,0.0,0.3448275862068968,0.0,0.0,0.0,0.0,0.0,0.0,0.0,0.0,0.3448275862068968,1.1978869777709729
466,0.0,0.0,0.0,1.0344827586206904,0.0,0.0,0.0,0.0,0.0,0.0,0.0,0.0,0.3448275862068968,-0.03796366940824075
467,0.0,0.0,0.0,1.724137931034484,0.0,0.0,0.0,0.0,0.0,0.0,0.0,0.0,0.3448275862068968,0.08493671596823521
468,0.0,0.0,0.0,2.4137931034482776,0.0,0.0,0.0,0.0,0.0,0.0,0.0,0.0,0.3448275862068968,1.629398462427513
469,0.0,0.0,0.0,3.1034482758620694,0.0,0.0,0.0,0.0,0.0,0.0,0.0,0.0,0.3448275862068968,3.3139164165209407
470,0.0,0.0,0.0,3.793103448275863,0.0,0.0,0.0,0.0,0.0,0.0,0.0,0.0,0.3448275862068968,5.856110018342133
471,0.0,0.0,0.0,4.482758620689657,0.0,0.0,0.0,0.0,0.0,0.0,0.0,0.0,0.3448275862068968,7.029755740950583
472,0.0,0.0,0.0,5.172413793103448,0.0,0.0,0.0,0.0,0.0,0.0,0.0,0.0,0.3448275862068968,10.742375056289395
473,0.0,0.0,0.0,5.862068965517242,0.0,0.0,0.0,0.0,0.0,0.0,0.0,0.0,0.3448275862068968,18.077232448488793
474,0.0,0.0,0.0,6.551724137931036,0.0,0.0,0.0,0.0,0.0,0.0,0.0,0.0,0.3448275862068968,30.66744079780639
475,0.0,0.0,0.0,7.241379310344829,0.0,0.0,0.0,0.0,0.0,0.0,0.0,0.0,0.3448275862068968,49.704063446506915
476,0.0,0.0,0.0,7.931034482758623,0.0,0.0,0.0,0.0,0.0,0.0,0.0,0.0,0.3448275862068968,78.20854890719096
477,0.0,0.0,0.0,8.620689655172416,0.0,0.0,0.0,0.0,0.0,0.0,0.0,0.0,0.3448275862068968,124.88026113683192
478,0.0,0.0,0.0,9.310344827586206,0.0,0.0,0.0,0.0,0.0,0.0,0.0,0.0,0.3448275862068968,139.39544604284654
479,0.0,0.0,0.0,10.0,0.0,0.0,0.0,0.0,0.0,0.0,0.0,0.0,0.3448275862068968,9.923818778224172
480,0.0,0.0,0.0,-10.0,0.0,0.0,0.0,0.0,0.0,0.0,0.0,0.0,1.0344827586206904,194.54413648046656
481,0.0,0.0,0.0,-9.310344827586206,0.0,0.0,0.0,0.0,0.0,0.0,0.0,0.0,1.0344827586206904,-141.2446244395145
482,0.0,0.0,0.0,-8.620689655172413,0.0,0.0,0.0,0.0,0.0,0.0,0.0,0.0,1.0344827586206904,-128.05199914796682
483,0.0,0.0,0.0,-7.931034482758621,0.0,0.0,0.0,0.0,0.0,0.0,0.0,0.0,1.0344827586206904,-79.30699227111403
484,0.0,0.0,0.0,-7.241379310344827,0.0,0.0,0.0,0.0,0.0,0.0,0.0,0.0,1.0344827586206904,-48.268989044668146
485,0.0,0.0,0.0,-6.551724137931034,0.0,0.0,0.0,0.0,0.0,0.0,0.0,0.0,1.0344827586206904,-30.468925107474913
486,0.0,0.0,0.0,-5.862068965517241,0.0,0.0,0.0,0.0,0.0,0.0,0.0,0.0,1.0344827586206904,-20.234211771053392
487,0.0,0.0,0.0,-5.172413793103448,0.0,0.0,0.0,0.0,0.0,0.0,0.0,0.0,1.0344827586206904,-13.683485903964845
488,0.0,0.0,0.0,-4.482758620689655,0.0,0.0,0.0,0.0,0.0,0.0,0.0,0.0,1.0344827586206904,-8.282320647297773
489,0.0,0.0,0.0,-3.793103448275861,0.0,0.0,0.0,0.0,0.0,0.0,0.0,0.0,1.0344827586206904,-3.8579798204877305
490,0.0,0.0,0.0,-3.1034482758620685,0.0,0.0,0.0,0.0,0.0,0.0,0.0,0.0,1.0344827586206904,-2.3382791150668507
491,0.0,0.0,0.0,-2.413793103448276,0.0,0.0,0.0,0.0,0.0,0.0,0.0,0.0,1.0344827586206904,-2.287169611669421
492,0.0,0.0,0.0,-1.7241379310344822,0.0,0.0,0.0,0.0,0.0,0.0,0.0,0.0,1.0344827586206904,-2.2397578848486983
493,0.0,0.0,0.0,-1.0344827586206886,0.0,0.0,0.0,0.0,0.0,0.0,0.0,0.0,1.0344827586206904,-0.7610010577435904
494,0.0,0.0,0.0,-0.3448275862068968,0.0,0.0,0.0,0.0,0.0,0.0,0.0,0.0,1.0344827586206904,1.0388895621108893
495,0.0,0.0,0.0,0.3448275862068968,0.0,0.0,0.0,0.0,0.0,0.0,0.0,0.0,1.0344827586206904,1.077590677443175
496,0.0,0.0,0.0,1.0344827586206904,0.0,0.0,0.0,0.0,0.0,0.0,0.0,0.0,1.0344827586206904,0.44089849729988595
497,0.0,0.0,0.0,1.724137931034484,0.0,0.0,0.0,0.0,0.0,0.0,0.0,0.0,1.0344827586206904,1.0872029071255735
498,0.0,0.0,0.0,2.4137931034482776,0.0,0.0,0.0,0.0,0.0,0.0,0.0,0.0,1.0344827586206904,2.1810615520903514
499,0.0,0.0,0.0,3.1034482758620694,0.0,0.0,0.0,0.0,0.0,0.0,0.0,0.0,1.0344827586206904,4.4545343283229695
500,0.0,0.0,0.0,3.793103448275863,0.0,0.0,0.0,0.0,0.0,0.0,0.0,0.0,1.0344827586206904,6.584314859488456
501,0.0,0.0,0.0,4.482758620689657,0.0,0.0,0.0,0.0,0.0,0.0,0.0,0.0,1.0344827586206904,7.718603952448964
502,0.0,0.0,0.0,5.172413793103448,0.0,0.0,0.0,0.0,0.0,0.0,0.0,0.0,1.0344827586206904,11.819995513724727
503,0.0,0.0,0.0,5.862068965517242,0.0,0.0,0.0,0.0,0.0,0.0,0.0,0.0,1.0344827586206904,19.131660161900513
504,0.0,0.0,0.0,6.551724137931036,0.0,0.0,0.0,0.0,0.0,0.0,0.0,0.0,1.0344827586206904,32.062416137500826
505,0.0,0.0,0.0,7.241379310344829,0.0,0.0,0.0,0.0,0.0,0.0,0.0,0.0,1.0344827586206904,50.692176058731064
506,0.0,0.0,0.0,7.931034482758623,0.0,0.0,0.0,0.0,0.0,0.0,0.0,0.0,1.0344827586206904,79.29498476892061
507,0.0,0.0,0.0,8.620689655172416,0.0,0.0,0.0,0.0,0.0,0.0,0.0,0.0,1.0344827586206904,126.97588949162942
508,0.0,0.0,0.0,9.310344827586206,0.0,0.0,0.0,0.0,0.0,0.0,0.0,0.0,1.0344827586206904,140.89756740764867
509,0.0,0.0,0.0,10.0,0.0,0.0,0.0,0.0,0.0,0.0,0.0,0.0,1.0344827586206904,-4.754375037997967
510,0.0,0.0,0.0,-10.0,0.0,0.0,0.0,0.0,0.0,0.0,0.0,0.0,1.724137931034484,-6.837489095119123
511,0.0,0.0,0.0,-9.310344827586206,0.0,0.0,0.0,0.0,0.0,0.0,0.0,0.0,1.724137931034484,-146.38474266283816
512,0.0,0.0,0.0,-8.620689655172413,0.0,0.0,0.0,0.0,0.0,0.0,0.0,0.0,1.724137931034484,-129.3023899509038
513,0.0,0.0,0.0,-7.931034482758621,0.0,0.0,0.0,0.0,0.0,0.0,0.0,0.0,1.724137931034484,-80.15357984840688
514,0.0,0.0,0.0,-7.241379310344827,0.0,0.0,0.0,0.0,0.0,0.0,0.0,0.0,1.724137931034484,-49.146355977368394
515,0.0,0.0,0.0,-6.551724137931034,0.0,0.0,0.0,0.0,0.0,0.0,0.0,0.0,1.724137931034484,-31.263981273668755
516,0.0,0.0,0.0,-5.862068965517241,0.0,0.0,0.0,0.0,0.0,0.0,0.0,0.0,1.724137931034484,-20.766933106594564
517,0.0,0.0,0.0,-5.172413793103448,0.0,0.0,0.0,0.0,0.0,0.0,0.0,0.0,1.724137931034484,-13.605384299904022
518,0.0,0.0,0.0,-4.482758620689655,0.0,0.0,0.0,0.0,0.0,0.0,0.0,0.0,1.724137931034484,-8.220795356185425
519,0.0,0.0,0.0,-3.793103448275861,0.0,0.0,0.0,0.0,0.0,0.0,0.0,0.0,1.724137931034484,-4.409981982861673
520,0.0,0.0,0.0,-3.1034482758620685,0.0,0.0,0.0,0.0,0.0,0.0,0.0,0.0,1.724137931034484,-2.7202747833235312
521,0.0,0.0,0.0,-2.413793103448276,0.0,0.0,0.0,0.0,0.0,0.0,0.0,0.0,1.724137931034484,-2.600203177822812
522,0.0,0.0,0.0,-1.7241379310344822,0.0,0.0,0.0,0.0,0.0,0.0,0.0,0.0,1.724137931034484,-2.483623730432015
523,0.0,0.0,0.0,-1.0344827586206886,0.0,0.0,0.0,0.0,0.0,0.0,0.0,0.0,1.724137931034484,-0.04388859521429028
524,0.0,0.0,0.0,-0.3448275862068968,0.0,0.0,0.0,0.0,0.0,0.0,0.0,0.0,1.724137931034484,1.2635800719863814
525,0.0,0.0,0.0,0.3448275862068968,0.0,0.0,0.0,0.0,0.0,0.0,0.0,0.0,1.724137931034484,1.188225101374946
526,0.0,0.0,0.0,1.0344827586206904,0.0,0.0,0.0,0.0,0.0,0.0,0.0,0.0,1.724137931034484,1.3697542137166123
527,0.0,0.0,0.0,1.724137931034484,0.0,0.0,0.0,0.0,0.0,0.0,0.0,0.0,1.724137931034484,0.9975253634353302
528,0.0,0.0,0.0,2.4137931034482776,0.0,0.0,0.0,0.0,0.0,0.0,0.0,0.0,1.724137931034484,3.0405486314293744
529,0.0,0.0,0.0,3.1034482758620694,0.0,0.0,0.0,0.0,0.0,0.0,0.0,0.0,1.724137931034484,5.578192810130858
530,0.0,0.0,0.0,3.793103448275863,0.0,0.0,0.0,0.0,0.0,0.0,0.0,0.0,1.724137931034484,7.202956768798174
531,0.0,0.0,0.0,4.482758620689657,0.0,0.0,0.0,0.0,0.0,0.0,0.0,0.0,1.724137931034484,8.847048315944587
532,0.0,0.0,0.0,5.172413793103448,0.0,0.0,0.0,0.0,0.0,0.0,0.0,0.0,1.724137931034484,13.259519236845946
533,0.0,0.0,0.0,5.862068965517242,0.0,0.0,0.0,0.0,0.0,0.0,0.0,0.0,1.724137931034484,20.929195587004912
534,0.0,0.0,0.0,6.551724137931036,0.0,0.0,0.0,0.0,0.0,0.0,0.0,0.0,1.724137931034484,33.84718804981072
535,0.0,0.0,0.0,7.241379310344829,0.0,0.0,0.0,0.0,0.0,0.0,0.0,0.0,1.724137931034484,52.05335752305229
536,0.0,0.0,0.0,7.931034482758623,0.0,0.0,0.0,0.0,0.0,0.0,0.0,0.0,1.724137931034484,81.10232343859882
537,0.0,0.0,0.0,8.620689655172416,0.0,0.0,0.0,0.0,0.0,0.0,0.0,0.0,1.724137931034484,128.74500494467756
538,0.0,0.0,0.0,9.310344827586206,0.0,0.0,0.0,0.0,0.0,0.0,0.0,0.0,1.724137931034484,143.64280564397282
539,0.0,0.0,0.0,10.0,0.0,0.0,0.0,0.0,0.0,0.0,0.0,0.0,1.724137931034484,2.501934063428827
540,0.0,0.0,0.0,-10.0,0.0,0.0,0.0,0.0,0.0,0.0,0.0,0.0,2.4137931034482776,37.20524785021942
541,0.0,0.0,0.0,-9.310344827586206,0.0,0.0,0.0,0.0,0.0,0.0,0.0,0.0,2.4137931034482776,-141.06360226432332
542,0.0,0.0,0.0,-8.620689655172413,0.0,0.0,0.0,0.0,0.0,0.0,0.0,0.0,2.4137931034482776,-130.31376876294618
543,0.0,0.0,0.0,-7.931034482758621,0.0,0.0,0.0,0.0,0.0,0.0,0.0,0.0,2.4137931034482776,-80.73212363747926
544,0.0,0.0,0.0,-7.241379310344827,0.0,0.0,0.0,0.0,0.0,0.0,0.0,0.0,2.4137931034482776,-50.69534843561989
545,0.0,0.0,0.0,-6.551724137931034,0.0,0.0,0.0,0.0,0.0,0.0,0.0,0.0,2.4137931034482776,-32.53748885797329
546,0.0,0.0,0.0,-5.862068965517241,0.0,0.0,0.0,0.0,0.0,0.0,0.0,0.0,2.4137931034482776,-22.141764034912462
547,0.0,0.0,0.0,-5.172413793103448,0.0,0.0,0.0,0.0,0.0,0.0,0.0,0.0,2.4137931034482776,-14.571005067067478
548,0.0,0.0,0.0,-4.482758620689655,0.0,0.0,0.0,0.0,0.0,0.0,0.0,0.0,2.4137931034482776,-8.31512806296819
549,0.0,0.0,0.0,-3.793103448275861,0.0,0.0,0.0,0.0,0.0,0.0,0.0,0.0,2.4137931034482776,-5.059143297518556
550,0.0,0.0,0.0,-3.1034482758620685,0.0,0.0,0.0,0.0,0.0,0.0,0.0,0.0,2.4137931034482776,-3.5975736651805583
551,0.0,0.0,0.0,-2.413793103448276,0.0,0.0,0.0,0.0,0.0,0.0,0.0,0.0,2.4137931034482776,-2.9690724798459835
552,0.0,0.0,0.0,-1.7241379310344822,0.0,0.0,0.0,0.0,0.0,0.0,0.0,0.0,2.4137931034482776,-2.3289732885805776
553,0.0,0.0,0.0,-1.0344827586206886,0.0,0.0,0.0,0.0,0.0,0.0,0.0,0.0,2.4137931034482776,-0.08800855302873713
554,0.0,0.0,0.0,-0.3448275862068968,0.0,0.0,0.0,0.0,0.0,0.0,0.0,0.0,2.4137931034482776,1.767440193991027
555,0.0,0.0,0.0,0.3448275862068968,0.0,0.0,0.0,0.0,0.0,0.0,0.0,0.0,2.4137931034482776,1.2269418694479008
556,0.0,0.0,0.0,1.0344827586206904,0.0,0.0,0.0,0.0,0.0,0.0,0.0,0.0,2.4137931034482776,1.6755892448989127
557,0.0,0.0,0.0,1.724137931034484,0.0,0.0,0.0,0.0,0.0,0.0,0.0,0.0,2.4137931034482776,2.2237079619206064
558,0.0,0.0,0.0,2.4137931034482776,0.0,0.0,0.0,0.0,0.0,0.0,0.0,0.0,2.4137931034482776,3.876429708264376
559,0.0,0.0,0.0,3.1034482758620694,0.0,0.0,0.0,0.0,0.0,0.0,0.0,0.0,2.4137931034482776,5.688660747626323
560,0.0,0.0,0.0,3.793103448275863,0.0,0.0,0.0,0.0,0.0,0.0,0.0,0.0,2.4137931034482776,7.574845959955637
561,0.0,0.0,0.0,4.482758620689657,0.0,0.0,0.0,0.0,0.0,0.0,0.0,0.0,2.4137931034482776,9.147208761267203
562,0.0,0.0,0.0,5.172413793103448,0.0,0.0,0.0,0.0,0.0,0.0,0.0,0.0,2.4137931034482776,13.961372089905689
563,0.0,0.0,0.0,5.862068965517242,0.0,0.0,0.0,0.0,0.0,0.0,0.0,0.0,2.4137931034482776,22.53399896875405
564,0.0,0.0,0.0,6.551724137931036,0.0,0.0,0.0,0.0,0.0,0.0,0.0,0.0,2.4137931034482776,35.30366303308215
565,0.0,0.0,0.0,7.241379310344829,0.0,0.0,0.0,0.0,0.0,0.0,0.0,0.0,2.4137931034482776,53.392760977026455
566,0.0,0.0,0.0,7.931034482758623,0.0,0.0,0.0,0.0,0.0,0.0,0.0,0.0,2.4137931034482776,82.05516490623332
567,0.0,0.0,0.0,8.620689655172416,0.0,0.0,0.0,0.0,0.0,0.0,0.0,0.0,2.4137931034482776,129.82113878168573
568,0.0,0.0,0.0,9.310344827586206,0.0,0.0,0.0,0.0,0.0,0.0,0.0,0.0,2.4137931034482776,146.70558775141353
569,0.0,0.0,0.0,10.0,0.0,0.0,0.0,0.0,0.0,0.0,0.0,0.0,2.4137931034482776,-35.48502040339852
570,0.0,0.0,0.0,-10.0,0.0,0.0,0.0,0.0,0.0,0.0,0.0,0.0,3.1034482758620694,19.066460190679425
571,0.0,0.0,0.0,-9.310344827586206,0.0,0.0,0.0,0.0,0.0,0.0,0.0,0.0,3.1034482758620694,-144.21654148548882
572,0.0,0.0,0.0,-8.620689655172413,0.0,0.0,0.0,0.0,0.0,0.0,0.0,0.0,3.1034482758620694,-131.63377611302627
573,0.0,0.0,0.0,-7.931034482758621,0.0,0.0,0.0,0.0,0.0,0.0,0.0,0.0,3.1034482758620694,-81.7621113730366
574,0.0,0.0,0.0,-7.241379310344827,0.0,0.0,0.0,0.0,0.0,0.0,0.0,0.0,3.1034482758620694,-51.65708906748005
575,0.0,0.0,0.0,-6.551724137931034,0.0,0.0,0.0,0.0,0.0,0.0,0.0,0.0,3.1034482758620694,-33.63180989288223
576,0.0,0.0,0.0,-5.862068965517241,0.0,0.0,0.0,0.0,0.0,0.0,0.0,0.0,3.1034482758620694,-22.53353995612278
577,0.0,0.0,0.0,-5.172413793103448,0.0,0.0,0.0,0.0,0.0,0.0,0.0,0.0,3.1034482758620694,-14.667979901997132
578,0.0,0.0,0.0,-4.482758620689655,0.0,0.0,0.0,0.0,0.0,0.0,0.0,0.0,3.1034482758620694,-8.978037037997977
579,0.0,0.0,0.0,-3.793103448275861,0.0,0.0,0.0,0.0,0.0,0.0,0.0,0.0,3.1034482758620694,-5.575689597372646
580,0.0,0.0,0.0,-3.1034482758620685,0.0,0.0,0.0,0.0,0.0,0.0,0.0,0.0,3.1034482758620694,-4.003109349366447
581,0.0,0.0,0.0,-2.413793103448276,0.0,0.0,0.0,0.0,0.0,0.0,0.0,0.0,3.1034482758620694,-3.494409001235733
582,0.0,0.0,0.0,-1.7241379310344822,0.0,0.0,0.0,0.0,0.0,0.0,0.0,0.0,3.1034482758620694,-1.7771654506019101
583,0.0,0.0,0.0,-1.0344827586206886,0.0,0.0,0.0,0.0,0.0,0.0,0.0,0.0,3.1034482758620694,0.19854081778670774
584,0.0,0.0,0.0,-0.3448275862068968,0.0,0.0,0.0,0.0,0.0,0.0,0.0,0.0,3.1034482758620694,1.4961759475249354
585,0.0,0.0,0.0,0.3448275862068968,0.0,0.0,0.0,0.0,0.0,0.0,0.0,0.0,3.1034482758620694,1.204730828753719
586,0.0,0.0,0.0,1.0344827586206904,0.0,0.0,0.0,0.0,0.0,0.0,0.0,0.0,3.1034482758620694,0.7758489395510915
587,0.0,0.0,0.0,1.724137931034484,0.0,0.0,0.0,0.0,0.0,0.0,0.0,0.0,3.1034482758620694,2.7574156968292067
588,0.0,0.0,0.0,2.4137931034482776,0.0,0.0,0.0,0.0,0.0,0.0,0.0,0.0,3.1034482758620694,4.9823483303084055
589,0.0,0.0,0.0,3.1034482758620694,0.0,0.0,0.0,0.0,0.0,0.0,0.0,0.0,3.1034482758620694,6.871664626949376
590,0.0,0.0,0.0,3.793103448275863,0.0,0.0,0.0,0.0,0.0,0.0,0.0,0.0,3.1034482758620694,8.147290479727753
591,0.0,0.0,0.0,4.482758620689657,0.0,0.0,0.0,0.0,0.0,0.0,0.0,0.0,3.1034482758620694,10.250169328604143
592,0.0,0.0,0.0,5.172413793103448,0.0,0.0,0.0,0.0,0.0,0.0,0.0,0.0,3.1034482758620694,15.88936001480255
593,0.0,0.0,0.0,5.862068965517242,0.0,0.0,0.0,0.0,0.0,0.0,0.0,0.0,3.1034482758620694,23.89279440895391
594,0.0,0.0,0.0,6.551724137931036,0.0,0.0,0.0,0.0,0.0,0.0,0.0,0.0,3.1034482758620694,36.54154058777605
595,0.0,0.0,0.0,7.241379310344829,0.0,0.0,0.0,0.0,0.0,0.0,0.0,0.0,3.1034482758620694,54.34695535548061
596,0.0,0.0,0.0,7.931034482758623,0.0,0.0,0.0,0.0,0.0,0.0,0.0,0.0,3.1034482758620694,83.35512802393333
597,0.0,0.0,0.0,8.620689655172416,0.0,0.0,0.0,0.0,0.0,0.0,0.0,0.0,3.1034482758620694,132.4762524075508
598,0.0,0.0,0.0,9.310344827586206,0.0,0.0,0.0,0.0,0.0,0.0,0.0,0.0,3.1034482758620694,149.5244063625018
599,0.0,0.0,0.0,10.0,0.0,0.0,0.0,0.0,0.0,0.0,0.0,0.0,3.1034482758620694,-7.797475593077879
600,0.0,0.0,0.0,-10.0,0.0,0.0,0.0,0.0,0.0,0.0,0.0,0.0,3.793103448275863,-1.7191587050307389
601,0.0,0.0,0.0,-9.310344827586206,0.0,0.0,0.0,0.0,0.0,0.0,0.0,0.0,3.793103448275863,-140.44974748112904
602,0.0,0.0,0.0,-8.620689655172413,0.0,0.0,0.0,0.0,0.0,0.0,0.0,0.0,3.793103448275863,-131.94730820590735
603,0.0,0.0,0.0,-7.931034482758621,0.0,0.0,0.0,0.0,0.0,0.0,0.0,0.0,3.793103448275863,-82.79060915981538
604,0.0,0.0,0.0,-7.241379310344827,0.0,0.0,0.0,0.0,0.0,0.0,0.0,0.0,3.793103448275863,-53.25896030842996
605,0.0,0.0,0.0,-6.551724137931034,0.0,0.0,0.0,0.0,0.0,0.0,0.0,0.0,3.793103448275863,-34.62401799569494
606,0.0,0.0,0.0,-5.862068965517241,0.0,0.0,0.0,0.0,0.0,0.0,0.0,0.0,3.793103448275863,-23.493190377923586
607,0.0,0.0,0.0,-5.172413793103448,0.0,0.0,0.0,0.0,0.0,0.0,0.0,0.0,3.793103448275863,-14.731874220465798
608,0.0,0.0,0.0,-4.482758620689655,0.0,0.0,0.0,0.0,0.0,0.0,0.0,0.0,3.793103448275863,-8.887392059317875
609,0.0,0.0,0.0,-3.793103448275861,0.0,0.0,0.0,0.0,0.0,0.0,0.0,0.0,3.793103448275863,-6.201844549216481
610,0.0,0.0,0.0,-3.1034482758620685,0.0,0.0,0.0,0.0,0.0,0.0,0.0,0.0,3.793103448275863,-4.895385704756321
611,0.0,0.0,0.0,-2.413793103448276,0.0,0.0,0.0,0.0,0.0,0.0,0.0,0.0,3.793103448275863,-3.6456445853808517
612,0.0,0.0,0.0,-1.7241379310344822,0.0,0.0,0.0,0.0,0.0,0.0,0.0,0.0,3.793103448275863,-1.5246298095465163
613,0.0,0.0,0.0,-1.0344827586206886,0.0,0.0,0.0,0.0,0.0,0.0,0.0,0.0,3.793103448275863,0.8988041081064594
614,0.0,0.0,0.0,-0.3448275862068968,0.0,0.0,0.0,0.0,0.0,0.0,0.0,0.0,3.793103448275863,1.193436372324459
615,0.0,0.0,0.0,0.3448275862068968,0.0,0.0,0.0,0.0,0.0,0.0,0.0,0.0,3.793103448275863,0.8036234115688372
616,0.0,0.0,0.0,1.0344827586206904,0.0,0.0,0.0,0.0,0.0,0.0,0.0,0.0,3.793103448275863,1.6618187204139763
617,0.0,0.0,0.0,1.724137931034484,0.0,0.0,0.0,0.0,0.0,0.0,0.0,0.0,3.793103448275863,3.6995343937910565
618,0.0,0.0,0.0,2.4137931034482776,0.0,0.0,0.0,0.0,0.0,0.0,0.0,0.0,3.793103448275863,5.87473461062784
619,0.0,0.0,0.0,3.1034482758620694,0.0,0.0,0.0,0.0,0.0,0.0,0.0,0.0,3.793103448275863,7.491145155093485
620,0.0,0.0,0.0,3.793103448275863,0.0,0.0,0.0,0.0,0.0,0.0,0.0,0.0,3.793103448275863,8.49139395104439
621,0.0,0.0,0.0,4.482758620689657,0.0,0.0,0.0,0.0,0.0,0.0,0.0,0.0,3.793103448275863,11.27010440291746
622,0.0,0.0,0.0,5.172413793103448,0.0,0.0,0.0,0.0,0.0,0.0,0.0,0.0,3.793103448275863,17.00351913494343
623,0.0,0.0,0.0,5.862068965517242,0.0,0.0,0.0,0.0,0.0,0.0,0.0,0.0,3.793103448275863,25.502076856582065
624,0.0,0.0,0.0,6.551724137931036,0.0,0.0,0.0,0.0,0.0,0.0,0.0,0.0,3.793103448275863,37.63744783926256
625,0.0,0.0,0.0,7.241379310344829,0.0,0.0,0.0,0.0,0.0,0.0,0.0,0.0,3.793103448275863,54.90860061839131
626,0.0,0.0,0.0,7.931034482758623,0.0,0.0,0.0,0.0,0.0,0.0,0.0,0.0,3.793103448275863,84.88286563213435
627,0.0,0.0,0.0,8.620689655172416,0.0,0.0,0.0,0.0,0.0,0.0,0.0,0.0,3.793103448275863,134.00933182180793
628,0.0,0.0,0.0,9.310344827586206,0.0,0.0,0.0,0.0,0.0,0.0,0.0,0.0,3.793103448275863,150.7140867444895
629,0.0,0.0,0.0,10.0,0.0,0.0,0.0,0.0,0.0,0.0,0.0,0.0,3.793103448275863,-6.83528674545019
630,0.0,0.0,0.0,-10.0,0.0,0.0,0.0,0.0,0.0,0.0,0.0,0.0,4.482758620689657,5.040886139459141
631,0.0,0.0,0.0,-9.310344827586206,0.0,0.0,0.0,0.0,0.0,0.0,0.0,0.0,4.482758620689657,-145.67843404844166
632,0.0,0.0,0.0,-8.620689655172413,0.0,0.0,0.0,0.0,0.0,0.0,0.0,0.0,4.482758620689657,-132.95835716246526
633,0.0,0.0,0.0,-7.931034482758621,0.0,0.0,0.0,0.0,0.0,0.0,0.0,0.0,4.482758620689657,-84.03150216303932
634,0.0,0.0,0.0,-7.241379310344827,0.0,0.0,0.0,0.0,0.0,0.0,0.0,0.0,4.482758620689657,-54.54131436846995
635,0.0,0.0,0.0,-6.551724137931034,0.0,0.0,0.0,0.0,0.0,0.0,0.0,0.0,4.482758620689657,-36.17275308162098
636,0.0,0.0,0.0,-5.862068965517241,0.0,0.0,0.0,0.0,0.0,0.0,0.0,0.0,4.482758620689657,-23.62056313596216
637,0.0,0.0,0.0,-5.172413793103448,0.0,0.0,0.0,0.0,0.0,0.0,0.0,0.0,4.482758620689657,-14.580998825924755
638,0.0,0.0,0.0,-4.482758620689655,0.0,0.0,0.0,0.0,0.0,0.0,0.0,0.0,4.482758620689657,-9.548453132635203
639,0.0,0.0,0.0,-3.793103448275861,0.0,0.0,0.0,0.0,0.0,0.0,0.0,0.0,4.482758620689657,-6.543745221872301
640,0.0,0.0,0.0,-3.1034482758620685,0.0,0.0,0.0,0.0,0.0,0.0,0.0,0.0,4.482758620689657,-5.8605560801299035
641,0.0,0.0,0.0,-2.413793103448276,0.0,0.0,0.0,0.0,0.0,0.0,0.0,0.0,4.482758620689657,-3.7534644081491533
642,0.0,0.0,0.0,-1.7241379310344822,0.0,0.0,0.0,0.0,0.0,0.0,0.0,0.0,4.482758620689657,-0.9755209804869246
643,0.0,0.0,0.0,-1.0344827586206886,0.0,0.0,0.0,0.0,0.0,0.0,0.0,0.0,4.482758620689657,0.8466402255533687
644,0.0,0.0,0.0,-0.3448275862068968,0.0,0.0,0.0,0.0,0.0,0.0,0.0,0.0,4.482758620689657,0.9467972338425168
645,0.0,0.0,0.0,0.3448275862068968,0.0,0.0,0.0,0.0,0.0,0.0,0.0,0.0,4.482758620689657,1.3026930828475694
646,0.0,0.0,0.0,1.0344827586206904,0.0,0.0,0.0,0.0,0.0,0.0,0.0,0.0,4.482758620689657,1.936740210029895
647,0.0,0.0,0.0,1.724137931034484,0.0,0.0,0.0,0.0,0.0,0.0,0.0,0.0,4.482758620689657,4.425416738239901
648,0.0,0.0,0.0,2.4137931034482776,0.0,0.0,0.0,0.0,0.0,0.0,0.0,0.0,4.482758620689657,6.6562398179120095
649,0.0,0.0,0.0,3.1034482758620694,0.0,0.0,0.0,0.0,0.0,0.0,0.0,0.0,4.482758620689657,7.751810291973856
650,0.0,0.0,0.0,3.793103448275863,0.0,0.0,0.0,0.0,0.0,0.0,0.0,0.0,4.482758620689657,9.117101169686638
651,0.0,0.0,0.0,4.482758620689657,0.0,0.0,0.0,0.0,0.0,0.0,0.0,0.0,4.482758620689657,12.449822019329401
652,0.0,0.0,0.0,5.172413793103448,0.0,0.0,0.0,0.0,0.0,0.0,0.0,0.0,4.482758620689657,18.0981639042219
653,0.0,0.0,0.0,5.862068965517242,0.0,0.0,0.0,0.0,0.0,0.0,0.0,0.0,4.482758620689657,27.417424042941924
654,0.0,0.0,0.0,6.551724137931036,0.0,0.0,0.0,0.0,0.0,0.0,0.0,0.0,4.482758620689657,38.62027671975827
655,0.0,0.0,0.0,7.241379310344829,0.0,0.0,0.0,0.0,0.0,0.0,0.0,0.0,4.482758620689657,56.28446248192216
656,0.0,0.0,0.0,7.931034482758623,0.0,0.0,0.0,0.0,0.0,0.0,0.0,0.0,4.482758620689657,86.48898129077558
657,0.0,0.0,0.0,8.620689655172416,0.0,0.0,0.0,0.0,0.0,0.0,0.0,0.0,4.482758620689657,136.67445697522027
658,0.0,0.0,0.0,9.310344827586206,0.0,0.0,0.0,0.0,0.0,0.0,0.0,0.0,4.482758620689657,149.88503801826545
659,0.0,0.0,0.0,10.0,0.0,0.0,0.0,0.0,0.0,0.0,0.0,0.0,4.482758620689657,-12.228450575395428
660,0.0,0.0,0.0,-10.0,0.0,0.0,0.0,0.0,0.0,0.0,0.0,0.0,5.172413793103448,-262.2070945219345
661,0.0,0.0,0.0,-9.310344827586206,0.0,0.0,0.0,0.0,0.0,0.0,0.0,0.0,5.172413793103448,-140.70389105464804
662,0.0,0.0,0.0,-8.620689655172413,0.0,0.0,0.0,0.0,0.0,0.0,0.0,0.0,5.172413793103448,-133.95657123642297
663,0.0,0.0,0.0,-7.931034482758621,0.0,0.0,0.0,0.0,0.0,0.0,0.0,0.0,5.172413793103448,-85.39481319621274
664,0.0,0.0,0.0,-7.241379310344827,0.0,0.0,0.0,0.0,0.0,0.0,0.0,0.0,5.172413793103448,-55.62049258913028
665,0.0,0.0,0.0,-6.551724137931034,0.0,0.0,0.0,0.0,0.0,0.0,0.0,0.0,5.172413793103448,-37.237724113182935
666,0.0,0.0,0.0,-5.862068965517241,0.0,0.0,0.0,0.0,0.0,0.0,0.0,0.0,5.172413793103448,-24.23355644379217
667,0.0,0.0,0.0,-5.172413793103448,0.0,0.0,0.0,0.0,0.0,0.0,0.0,0.0,5.172413793103448,-15.06252408581224
668,0.0,0.0,0.0,-4.482758620689655,0.0,0.0,0.0,0.0,0.0,0.0,0.0,0.0,5.172413793103448,-10.104148221859738
669,0.0,0.0,0.0,-3.793103448275861,0.0,0.0,0.0,0.0,0.0,0.0,0.0,0.0,5.172413793103448,-8.101598105043841
670,0.0,0.0,0.0,-3.1034482758620685,0.0,0.0,0.0,0.0,0.0,0.0,0.0,0.0,5.172413793103448,-5.789172102400065
671,0.0,0.0,0.0,-2.413793103448276,0.0,0.0,0.0,0.0,0.0,0.0,0.0,0.0,5.172413793103448,-3.287433624453763
672,0.0,0.0,0.0,-1.7241379310344822,0.0,0.0,0.0,0.0,0.0,0.0,0.0,0.0,5.172413793103448,-0.8079645902175956
673,0.0,0.0,0.0,-1.0344827586206886,0.0,0.0,0.0,0.0,0.0,0.0,0.0,0.0,5.172413793103448,0.5478328651133335
674,0.0,0.0,0.0,-0.3448275862068968,0.0,0.0,0.0,0.0,0.0,0.0,0.0,0.0,5.172413793103448,0.5443074197498154
675,0.0,0.0,0.0,0.3448275862068968,0.0,0.0,0.0,0.0,0.0,0.0,0.0,0.0,5.172413793103448,1.0181032403673105
676,0.0,0.0,0.0,1.0344827586206904,0.0,0.0,0.0,0.0,0.0,0.0,0.0,0.0,5.172413793103448,2.7520532255542736
677,0.0,0.0,0.0,1.724137931034484,0.0,0.0,0.0,0.0,0.0,0.0,0.0,0.0,5.172413793103448,5.360469760998424
678,0.0,0.0,0.0,2.4137931034482776,0.0,0.0,0.0,0.0,0.0,0.0,0.0,0.0,5.172413793103448,7.192020190530207
679,0.0,0.0,0.0,3.1034482758620694,0.0,0.0,0.0,0.0,0.0,0.0,0.0,0.0,5.172413793103448,7.948224445368945
680,0.0,0.0,0.0,3.793103448275863,0.0,0.0,0.0,0.0,0.0,0.0,0.0,0.0,5.172413793103448,9.696548094088515
681,0.0,0.0,0.0,4.482758620689657,0.0,0.0,0.0,0.0,0.0,0.0,0.0,0.0,5.172413793103448,14.288765739307786
682,0.0,0.0,0.0,5.172413793103448,0.0,0.0,0.0,0.0,0.0,0.0,0.0,0.0,5.172413793103448,20.486426417611337
683,0.0,0.0,0.0,5.862068965517242,0.0,0.0,0.0,0.0,0.0,0.0,0.0,0.0,5.172413793103448,27.9138347833048
684,0.0,0.0,0.0,6.551724137931036,0.0,0.0,0.0,0.0,0.0,0.0,0.0,0.0,5.172413793103448,38.79781418885905
685,0.0,0.0,0.0,7.241379310344829,0.0,0.0,0.0,0.0,0.0,0.0,0.0,0.0,5.172413793103448,57.7236945160681
686,0.0,0.0,0.0,7.931034482758623,0.0,0.0,0.0,0.0,0.0,0.0,0.0,0.0,5.172413793103448,89.51299397584027
687,0.0,0.0,0.0,8.620689655172416,0.0,0.0,0.0,0.0,0.0,0.0,0.0,0.0,5.172413793103448,138.71430959086302
688,0.0,0.0,0.0,9.310344827586206,0.0,0.0,0.0,0.0,0.0,0.0,0.0,0.0,5.172413793103448,155.9724792704244
689,0.0,0.0,0.0,10.0,0.0,0.0,0.0,0.0,0.0,0.0,0.0,0.0,5.172413793103448,-11.469868391937244
690,0.0,0.0,0.0,-10.0,0.0,0.0,0.0,0.0,0.0,0.0,0.0,0.0,5.862068965517242,4.289908036748866
691,0.0,0.0,0.0,-9.310344827586206,0.0,0.0,0.0,0.0,0.0,0.0,0.0,0.0,5.862068965517242,-142.38671106424243
692,0.0,0.0,0.0,-8.620689655172413,0.0,0.0,0.0,0.0,0.0,0.0,0.0,0.0,5.862068965517242,-135.07766833442872
693,0.0,0.0,0.0,-7.931034482758621,0.0,0.0,0.0,0.0,0.0,0.0,0.0,0.0,5.862068965517242,-87.15299237004017
694,0.0,0.0,0.0,-7.241379310344827,0.0,0.0,0.0,0.0,0.0,0.0,0.0,0.0,5.862068965517242,-57.120567747958795
695,0.0,0.0,0.0,-6.551724137931034,0.0,0.0,0.0,0.0,0.0,0.0,0.0,0.0,5.862068965517242,-37.74617124097186
696,0.0,0.0,0.0,-5.862068965517241,0.0,0.0,0.0,0.0,0.0,0.0,0.0,0.0,5.862068965517242,-24.01557988899934
697,0.0,0.0,0.0,-5.172413793103448,0.0,0.0,0.0,0.0,0.0,0.0,0.0,0.0,5.862068965517242,-16.258254842276713
698,0.0,0.0,0.0,-4.482758620689655,0.0,0.0,0.0,0.0,0.0,0.0,0.0,0.0,5.862068965517242,-11.558243477363202
699,0.0,0.0,0.0,-3.793103448275861,0.0,0.0,0.0,0.0,0.0,0.0,0.0,0.0,5.862068965517242,-8.923462245250052
700,0.0,0.0,0.0,-3.1034482758620685,0.0,0.0,0.0,0.0,0.0,0.0,0.0,0.0,5.862068965517242,-5.525238491502812
701,0.0,0.0,0.0,-2.413793103448276,0.0,0.0,0.0,0.0,0.0,0.0,0.0,0.0,5.862068965517242,-2.934119561794678
702,0.0,0.0,0.0,-1.7241379310344822,0.0,0.0,0.0,0.0,0.0,0.0,0.0,0.0,5.862068965517242,-0.5584091951412602
703,0.0,0.0,0.0,-1.0344827586206886,0.0,0.0,0.0,0.0,0.0,0.0,0.0,0.0,5.862068965517242,-0.3134044053367476
704,0.0,0.0,0.0,-0.3448275862068968,0.0,0.0,0.0,0.0,0.0,0.0,0.0,0.0,5.862068965517242,0.5508501737939155
705,0.0,0.0,0.0,0.3448275862068968,0.0,0.0,0.0,0.0,0.0,0.0,0.0,0.0,5.862068965517242,2.320885282754217
706,0.0,0.0,0.0,1.0344827586206904,0.0,0.0,0.0,0.0,0.0,0.0,0.0,0.0,5.862068965517242,4.639152522141689
707,0.0,0.0,0.0,1.724137931034484,0.0,0.0,0.0,0.0,0.0,0.0,0.0,0.0,5.862068965517242,6.458520474328407
708,0.0,0.0,0.0,2.4137931034482776,0.0,0.0,0.0,0.0,0.0,0.0,0.0,0.0,5.862068965517242,7.264291782943714
709,0.0,0.0,0.0,3.1034482758620694,0.0,0.0,0.0,0.0,0.0,0.0,0.0,0.0,5.862068965517242,8.308018986389934
710,0.0,0.0,0.0,3.793103448275863,0.0,0.0,0.0,0.0,0.0,0.0,0.0,0.0,5.862068965517242,10.690650491431189
711,0.0,0.0,0.0,4.482758620689657,0.0,0.0,0.0,0.0,0.0,0.0,0.0,0.0,5.862068965517242,15.296558037888111
712,0.0,0.0,0.0,5.172413793103448,0.0,0.0,0.0,0.0,0.0,0.0,0.0,0.0,5.862068965517242,21.152499901486042
713,0.0,0.0,0.0,5.862068965517242,0.0,0.0,0.0,0.0,0.0,0.0,0.0,0.0,5.862068965517242,28.894585739814858
714,0.0,0.0,0.0,6.551724137931036,0.0,0.0,0.0,0.0,0.0,0.0,0.0,0.0,5.862068965517242,39.66142233208404
715,0.0,0.0,0.0,7.241379310344829,0.0,0.0,0.0,0.0,0.0,0.0,0.0,0.0,5.862068965517242,59.29250924470573
716,0.0,0.0,0.0,7.931034482758623,0.0,0.0,0.0,0.0,0.0,0.0,0.0,0.0,5.862068965517242,91.0573789795023
717,0.0,0.0,0.0,8.620689655172416,0.0,0.0,0.0,0.0,0.0,0.0,0.0,0.0,5.862068965517242,140.68951813437792
718,0.0,0.0,0.0,9.310344827586206,0.0,0.0,0.0,0.0,0.0,0.0,0.0,0.0,5.862068965517242,149.12388439602498
719,0.0,0.0,0.0,10.0,0.0,0.0,0.0,0.0,0.0,0.0,0.0,0.0,5.862068965517242,67.47608129295104
720,0.0,0.0,0.0,-10.0,0.0,0.0,0.0,0.0,0.0,0.0,0.0,0.0,6.551724137931036,27.061206949413563
721,0.0,0.0,0.0,-9.310344827586206,0.0,0.0,0.0,0.0,0.0,0.0,0.0,0.0,6.551724137931036,-152.90219551726463
722,0.0,0.0,0.0,-8.620689655172413,0.0,0.0,0.0,0.0,0.0,0.0,0.0,0.0,6.551724137931036,-136.9084441722544
723,0.0,0.0,0.0,-7.931034482758621,0.0,0.0,0.0,0.0,0.0,0.0,0.0,0.0,6.551724137931036,-88.88739036673434
724,0.0,0.0,0.0,-7.241379310344827,0.0,0.0,0.0,0.0,0.0,0.0,0.0,0.0,6.551724137931036,-58.24901374665654
725,0.0,0.0,0.0,-6.551724137931034,0.0,0.0,0.0,0.0,0.0,0.0,0.0,0.0,6.551724137931036,-38.190046498974894
726,0.0,0.0,0.0,-5.862068965517241,0.0,0.0,0.0,0.0,0.0,0.0,0.0,0.0,6.551724137931036,-24.74084541029236
727,0.0,0.0,0.0,-5.172413793103448,0.0,0.0,0.0,0.0,0.0,0.0,0.0,0.0,6.551724137931036,-17.182460927102643
728,0.0,0.0,0.0,-4.482758620689655,0.0,0.0,0.0,0.0,0.0,0.0,0.0,0.0,6.551724137931036,-12.94819166388617
729,0.0,0.0,0.0,-3.793103448275861,0.0,0.0,0.0,0.0,0.0,0.0,0.0,0.0,6.551724137931036,-8.843113893475657
730,0.0,0.0,0.0,-3.1034482758620685,0.0,0.0,0.0,0.0,0.0,0.0,0.0,0.0,6.551724137931036,-5.334080929309652
731,0.0,0.0,0.0,-2.413793103448276,0.0,0.0,0.0,0.0,0.0,0.0,0.0,0.0,6.551724137931036,-2.547819255254959
732,0.0,0.0,0.0,-1.7241379310344822,0.0,0.0,0.0,0.0,0.0,0.0,0.0,0.0,6.551724137931036,-1.1309634959984245
733,0.0,0.0,0.0,-1.0344827586206886,0.0,0.0,0.0,0.0,0.0,0.0,0.0,0.0,6.551724137931036,-0.5509453023189482
734,0.0,0.0,0.0,-0.3448275862068968,0.0,0.0,0.0,0.0,0.0,0.0,0.0,0.0,6.551724137931036,0.917639534223457
735,0.0,0.0,0.0,0.3448275862068968,0.0,0.0,0.0,0.0,0.0,0.0,0.0,0.0,6.551724137931036,3.2300495272872434
736,0.0,0.0,0.0,1.0344827586206904,0.0,0.0,0.0,0.0,0.0,0.0,0.0,0.0,6.551724137931036,5.04467504272071
737,0.0,0.0,0.0,1.724137931034484,0.0,0.0,0.0,0.0,0.0,0.0,0.0,0.0,6.551724137931036,6.425557528655175
738,0.0,0.0,0.0,2.4137931034482776,0.0,0.0,0.0,0.0,0.0,0.0,0.0,0.0,6.551724137931036,7.02593469759845
739,0.0,0.0,0.0,3.1034482758620694,0.0,0.0,0.0,0.0,0.0,0.0,0.0,0.0,6.551724137931036,9.097931770314567
740,0.0,0.0,0.0,3.793103448275863,0.0,0.0,0.0,0.0,0.0,0.0,0.0,0.0,6.551724137931036,12.299520898584952
741,0.0,0.0,0.0,4.482758620689657,0.0,0.0,0.0,0.0,0.0,0.0,0.0,0.0,6.551724137931036,17.12753699101623
742,0.0,0.0,0.0,5.172413793103448,0.0,0.0,0.0,0.0,0.0,0.0,0.0,0.0,6.551724137931036,22.33194336677285
743,0.0,0.0,0.0,5.862068965517242,0.0,0.0,0.0,0.0,0.0,0.0,0.0,0.0,6.551724137931036,29.684049283059228
744,0.0,0.0,0.0,6.551724137931036,0.0,0.0,0.0,0.0,0.0,0.0,0.0,0.0,6.551724137931036,41.65466757762046
745,0.0,0.0,0.0,7.241379310344829,0.0,0.0,0.0,0.0,0.0,0.0,0.0,0.0,6.551724137931036,61.712175774058345
746,0.0,0.0,0.0,7.931034482758623,0.0,0.0,0.0,0.0,0.0,0.0,0.0,0.0,6.551724137931036,93.2462930336073
747,0.0,0.0,0.0,8.620689655172416,0.0,0.0,0.0,0.0,0.0,0.0,0.0,0.0,6.551724137931036,142.2258776424722
748,0.0,0.0,0.0,9.310344827586206,0.0,0.0,0.0,0.0,0.0,0.0,0.0,0.0,6.551724137931036,166.85718246987753
749,0.0,0.0,0.0,10.0,0.0,0.0,0.0,0.0,0.0,0.0,0.0,0.0,6.551724137931036,-335.88105486139716
750,0.0,0.0,0.0,-10.0,0.0,0.0,0.0,0.0,0.0,0.0,0.0,0.0,7.241379310344829,4.118024580308416
751,0.0,0.0,0.0,-9.310344827586206,0.0,0.0,0.0,0.0,0.0,0.0,0.0,0.0,7.241379310344829,-148.36206850939644
752,0.0,0.0,0.0,-8.620689655172413,0.0,0.0,0.0,0.0,0.0,0.0,0.0,0.0,7.241379310344829,-139.51298120202492
753,0.0,0.0,0.0,-7.931034482758621,0.0,0.0,0.0,0.0,0.0,0.0,0.0,0.0,7.241379310344829,-90.26746194637256
754,0.0,0.0,0.0,-7.241379310344827,0.0,0.0,0.0,0.0,0.0,0.0,0.0,0.0,7.241379310344829,-58.17739598783634
755,0.0,0.0,0.0,-6.551724137931034,0.0,0.0,0.0,0.0,0.0,0.0,0.0,0.0,7.241379310344829,-37.92888194108796
756,0.0,0.0,0.0,-5.862068965517241,0.0,0.0,0.0,0.0,0.0,0.0,0.0,0.0,7.241379310344829,-25.902500693468642
757,0.0,0.0,0.0,-5.172413793103448,0.0,0.0,0.0,0.0,0.0,0.0,0.0,0.0,7.241379310344829,-18.72171170092206
758,0.0,0.0,0.0,-4.482758620689655,0.0,0.0,0.0,0.0,0.0,0.0,0.0,0.0,7.241379310344829,-13.684395698317402
759,0.0,0.0,0.0,-3.793103448275861,0.0,0.0,0.0,0.0,0.0,0.0,0.0,0.0,7.241379310344829,-8.66527508993401
760,0.0,0.0,0.0,-3.1034482758620685,0.0,0.0,0.0,0.0,0.0,0.0,0.0,0.0,7.241379310344829,-5.142896781428594
761,0.0,0.0,0.0,-2.413793103448276,0.0,0.0,0.0,0.0,0.0,0.0,0.0,0.0,7.241379310344829,-2.692992293793389
762,0.0,0.0,0.0,-1.7241379310344822,0.0,0.0,0.0,0.0,0.0,0.0,0.0,0.0,7.241379310344829,-2.4109647203753486
763,0.0,0.0,0.0,-1.0344827586206886,0.0,0.0,0.0,0.0,0.0,0.0,0.0,0.0,7.241379310344829,-1.0025093786067492
764,0.0,0.0,0.0,-0.3448275862068968,0.0,0.0,0.0,0.0,0.0,0.0,0.0,0.0,7.241379310344829,1.758473510756456
765,0.0,0.0,0.0,0.3448275862068968,0.0,0.0,0.0,0.0,0.0,0.0,0.0,0.0,7.241379310344829,4.2127455668318685
766,0.0,0.0,0.0,1.0344827586206904,0.0,0.0,0.0,0.0,0.0,0.0,0.0,0.0,7.241379310344829,5.3082365719630396
767,0.0,0.0,0.0,1.724137931034484,0.0,0.0,0.0,0.0,0.0,0.0,0.0,0.0,7.241379310344829,6.0591293605080265
768,0.0,0.0,0.0,2.4137931034482776,0.0,0.0,0.0,0.0,0.0,0.0,0.0,0.0,7.241379310344829,7.375441408771591
769,0.0,0.0,0.0,3.1034482758620694,0.0,0.0,0.0,0.0,0.0,0.0,0.0,0.0,7.241379310344829,10.557670800447282
770,0.0,0.0,0.0,3.793103448275863,0.0,0.0,0.0,0.0,0.0,0.0,0.0,0.0,7.241379310344829,14.268600342112439
771,0.0,0.0,0.0,4.482758620689657,0.0,0.0,0.0,0.0,0.0,0.0,0.0,0.0,7.241379310344829,18.029589963891485
772,0.0,0.0,0.0,5.172413793103448,0.0,0.0,0.0,0.0,0.0,0.0,0.0,0.0,7.241379310344829,22.064530231823426
773,0.0,0.0,0.0,5.862068965517242,0.0,0.0,0.0,0.0,0.0,0.0,0.0,0.0,7.241379310344829,29.784621215330425
774,0.0,0.0,0.0,6.551724137931036,0.0,0.0,0.0,0.0,0.0,0.0,0.0,0.0,7.241379310344829,43.737005535544846
775,0.0,0.0,0.0,7.241379310344829,0.0,0.0,0.0,0.0,0.0,0.0,0.0,0.0,7.241379310344829,63.69570893800745
776,0.0,0.0,0.0,7.931034482758623,0.0,0.0,0.0,0.0,0.0,0.0,0.0,0.0,7.241379310344829,94.91826946133095
777,0.0,0.0,0.0,8.620689655172416,0.0,0.0,0.0,0.0,0.0,0.0,0.0,0.0,7.241379310344829,142.9850485895818
778,0.0,0.0,0.0,9.310344827586206,0.0,0.0,0.0,0.0,0.0,0.0,0.0,0.0,7.241379310344829,174.31900544024785
779,0.0,0.0,0.0,10.0,0.0,0.0,0.0,0.0,0.0,0.0,0.0,0.0,7.241379310344829,-1.9178367007982673
780,0.0,0.0,0.0,-10.0,0.0,0.0,0.0,0.0,0.0,0.0,0.0,0.0,7.931034482758623,10.370311501423737
781,0.0,0.0,0.0,-9.310344827586206,0.0,0.0,0.0,0.0,0.0,0.0,0.0,0.0,7.931034482758623,-156.364137917866
782,0.0,0.0,0.0,-8.620689655172413,0.0,0.0,0.0,0.0,0.0,0.0,0.0,0.0,7.931034482758623,-140.30449140668648
783,0.0,0.0,0.0,-7.931034482758621,0.0,0.0,0.0,0.0,0.0,0.0,0.0,0.0,7.931034482758623,-90.20698863452438
784,0.0,0.0,0.0,-7.241379310344827,0.0,0.0,0.0,0.0,0.0,0.0,0.0,0.0,7.931034482758623,-58.6014038898489
785,0.0,0.0,0.0,-6.551724137931034,0.0,0.0,0.0,0.0,0.0,0.0,0.0,0.0,7.931034482758623,-39.29775934319506
786,0.0,0.0,0.0,-5.862068965517241,0.0,0.0,0.0,0.0,0.0,0.0,0.0,0.0,7.931034482758623,-27.726587787682423
787,0.0,0.0,0.0,-5.172413793103448,0.0,0.0,0.0,0.0,0.0,0.0,0.0,0.0,7.931034482758623,-19.92267668271648
788,0.0,0.0,0.0,-4.482758620689655,0.0,0.0,0.0,0.0,0.0,0.0,0.0,0.0,7.931034482758623,-13.509282797584113
789,0.0,0.0,0.0,-3.793103448275861,0.0,0.0,0.0,0.0,0.0,0.0,0.0,0.0,7.931034482758623,-8.147384522709446
790,0.0,0.0,0.0,-3.1034482758620685,0.0,0.0,0.0,0.0,0.0,0.0,0.0,0.0,7.931034482758623,-5.4787520726141254
791,0.0,0.0,0.0,-2.413793103448276,0.0,0.0,0.0,0.0,0.0,0.0,0.0,0.0,7.931034482758623,-4.295150731313057
792,0.0,0.0,0.0,-1.7241379310344822,0.0,0.0,0.0,0.0,0.0,0.0,0.0,0.0,7.931034482758623,-2.8702641381776646
793,0.0,0.0,0.0,-1.0344827586206886,0.0,0.0,0.0,0.0,0.0,0.0,0.0,0.0,7.931034482758623,-0.1365349504621789
794,0.0,0.0,0.0,-0.3448275862068968,0.0,0.0,0.0,0.0,0.0,0.0,0.0,0.0,7.931034482758623,2.3148193055392605
795,0.0,0.0,0.0,0.3448275862068968,0.0,0.0,0.0,0.0,0.0,0.0,0.0,0.0,7.931034482758623,4.059717691354055
796,0.0,0.0,0.0,1.0344827586206904,0.0,0.0,0.0,0.0,0.0,0.0,0.0,0.0,7.931034482758623,5.183738533623375
797,0.0,0.0,0.0,1.724137931034484,0.0,0.0,0.0,0.0,0.0,0.0,0.0,0.0,7.931034482758623,5.60257862182381
798,0.0,0.0,0.0,2.4137931034482776,0.0,0.0,0.0,0.0,0.0,0.0,0.0,0.0,7.931034482758623,8.185039775491715
799,0.0,0.0,0.0,3.1034482758620694,0.0,0.0,0.0,0.0,0.0,0.0,0.0,0.0,7.931034482758623,12.015942549202899
800,0.0,0.0,0.0,3.793103448275863,0.0,0.0,0.0,0.0,0.0,0.0,0.0,0.0,7.931034482758623,15.073641774727918
801,0.0,0.0,0.0,4.482758620689657,0.0,0.0,0.0,0.0,0.0,0.0,0.0,0.0,7.931034482758623,17.95676744727784
802,0.0,0.0,0.0,5.172413793103448,0.0,0.0,0.0,0.0,0.0,0.0,0.0,0.0,7.931034482758623,22.83804892789753
803,0.0,0.0,0.0,5.862068965517242,0.0,0.0,0.0,0.0,0.0,0.0,0.0,0.0,7.931034482758623,31.859110721009163
804,0.0,0.0,0.0,6.551724137931036,0.0,0.0,0.0,0.0,0.0,0.0,0.0,0.0,7.931034482758623,45.66474745292606
805,0.0,0.0,0.0,7.241379310344829,0.0,0.0,0.0,0.0,0.0,0.0,0.0,0.0,7.931034482758623,65.58551224207328
806,0.0,0.0,0.0,7.931034482758623,0.0,0.0,0.0,0.0,0.0,0.0,0.0,0.0,7.931034482758623,95.64532004488038
807,0.0,0.0,0.0,8.620689655172416,0.0,0.0,0.0,0.0,0.0,0.0,0.0,0.0,7.931034482758623,143.99205679373455
808,0.0,0.0,0.0,9.310344827586206,0.0,0.0,0.0,0.0,0.0,0.0,0.0,0.0,7.931034482758623,156.00944312081228
809,0.0,0.0,0.0,10.0,0.0,0.0,0.0,0.0,0.0,0.0,0.0,0.0,7.931034482758623,13.094632412739973
810,0.0,0.0,0.0,-10.0,0.0,0.0,0.0,0.0,0.0,0.0,0.0,0.0,8.620689655172416,11.13664943607988
811,0.0,0.0,0.0,-9.310344827586206,0.0,0.0,0.0,0.0,0.0,0.0,0.0,0.0,8.620689655172416,-149.04484246625051
812,0.0,0.0,0.0,-8.620689655172413,0.0,0.0,0.0,0.0,0.0,0.0,0.0,0.0,8.620689655172416,-141.12147145988882
813,0.0,0.0,0.0,-7.931034482758621,0.0,0.0,0.0,0.0,0.0,0.0,0.0,0.0,8.620689655172416,-90.78599452161961
814,0.0,0.0,0.0,-7.241379310344827,0.0,0.0,0.0,0.0,0.0,0.0,0.0,0.0,8.620689655172416,-60.0053362776678
815,0.0,0.0,0.0,-6.551724137931034,0.0,0.0,0.0,0.0,0.0,0.0,0.0,0.0,8.620689655172416,-41.018578727703215
816,0.0,0.0,0.0,-5.862068965517241,0.0,0.0,0.0,0.0,0.0,0.0,0.0,0.0,8.620689655172416,-29.046993660205597
817,0.0,0.0,0.0,-5.172413793103448,0.0,0.0,0.0,0.0,0.0,0.0,0.0,0.0,8.620689655172416,-19.390927947857776
818,0.0,0.0,0.0,-4.482758620689655,0.0,0.0,0.0,0.0,0.0,0.0,0.0,0.0,8.620689655172416,-12.8898549786373
819,0.0,0.0,0.0,-3.793103448275861,0.0,0.0,0.0,0.0,0.0,0.0,0.0,0.0,8.620689655172416,-8.773568532783905
820,0.0,0.0,0.0,-3.1034482758620685,0.0,0.0,0.0,0.0,0.0,0.0,0.0,0.0,8.620689655172416,-7.180150378806537
821,0.0,0.0,0.0,-2.413793103448276,0.0,0.0,0.0,0.0,0.0,0.0,0.0,0.0,8.620689655172416,-4.9220734765717085
822,0.0,0.0,0.0,-1.7241379310344822,0.0,0.0,0.0,0.0,0.0,0.0,0.0,0.0,8.620689655172416,-2.327614416676333
823,0.0,0.0,0.0,-1.0344827586206886,0.0,0.0,0.0,0.0,0.0,0.0,0.0,0.0,8.620689655172416,0.8636003729584478
824,0.0,0.0,0.0,-0.3448275862068968,0.0,0.0,0.0,0.0,0.0,0.0,0.0,0.0,8.620689655172416,2.5797621654141882
825,0.0,0.0,0.0,0.3448275862068968,0.0,0.0,0.0,0.0,0.0,0.0,0.0,0.0,8.620689655172416,3.561316241958733
826,0.0,0.0,0.0,1.0344827586206904,0.0,0.0,0.0,0.0,0.0,0.0,0.0,0.0,8.620689655172416,4.490662463640876
827,0.0,0.0,0.0,1.724137931034484,0.0,0.0,0.0,0.0,0.0,0.0,0.0,0.0,8.620689655172416,6.908605826062555
828,0.0,0.0,0.0,2.4137931034482776,0.0,0.0,0.0,0.0,0.0,0.0,0.0,0.0,8.620689655172416,9.924128709590141
829,0.0,0.0,0.0,3.1034482758620694,0.0,0.0,0.0,0.0,0.0,0.0,0.0,0.0,8.620689655172416,12.829091858369324
830,0.0,0.0,0.0,3.793103448275863,0.0,0.0,0.0,0.0,0.0,0.0,0.0,0.0,8.620689655172416,15.079157895965084
831,0.0,0.0,0.0,4.482758620689657,0.0,0.0,0.0,0.0,0.0,0.0,0.0,0.0,8.620689655172416,18.536056313144986
832,0.0,0.0,0.0,5.172413793103448,0.0,0.0,0.0,0.0,0.0,0.0,0.0,0.0,8.620689655172416,24.7998334415235
833,0.0,0.0,0.0,5.862068965517242,0.0,0.0,0.0,0.0,0.0,0.0,0.0,0.0,8.620689655172416,33.86485332845873
834,0.0,0.0,0.0,6.551724137931036,0.0,0.0,0.0,0.0,0.0,0.0,0.0,0.0,8.620689655172416,47.15034091484666
835,0.0,0.0,0.0,7.241379310344829,0.0,0.0,0.0,0.0,0.0,0.0,0.0,0.0,8.620689655172416,66.06176072701425
836,0.0,0.0,0.0,7.931034482758623,0.0,0.0,0.0,0.0,0.0,0.0,0.0,0.0,8.620689655172416,96.02305277446267
837,0.0,0.0,0.0,8.620689655172416,0.0,0.0,0.0,0.0,0.0,0.0,0.0,0.0,8.620689655172416,146.25415204288143
838,0.0,0.0,0.0,9.310344827586206,0.0,0.0,0.0,0.0,0.0,0.0,0.0,0.0,8.620689655172416,155.55173282335647
839,0.0,0.0,0.0,10.0,0.0,0.0,0.0,0.0,0.0,0.0,0.0,0.0,8.620689655172416,-16.759551710596416
840,0.0,0.0,0.0,-10.0,0.0,0.0,0.0,0.0,0.0,0.0,0.0,0.0,9.310344827586206,-312.411224503038
841,0.0,0.0,0.0,-9.310344827586206,0.0,0.0,0.0,0.0,0.0,0.0,0.0,0.0,9.310344827586206,-153.0979793620015
842,0.0,0.0,0.0,-8.620689655172413,0.0,0.0,0.0,0.0,0.0,0.0,0.0,0.0,9.310344827586206,-95.98815897643489
843,0.0,0.0,0.0,-7.931034482758621,0.0,0.0,0.0,0.0,0.0,0.0,0.0,0.0,9.310344827586206,-71.40284972914391
844,0.0,0.0,0.0,-7.241379310344827,0.0,0.0,0.0,0.0,0.0,0.0,0.0,0.0,9.310344827586206,-44.50080550489173
845,0.0,0.0,0.0,-6.551724137931034,0.0,0.0,0.0,0.0,0.0,0.0,0.0,0.0,9.310344827586206,-23.28990093882915
846,0.0,0.0,0.0,-5.862068965517241,0.0,0.0,0.0,0.0,0.0,0.0,0.0,0.0,9.310344827586206,-19.70429877082018
847,0.0,0.0,0.0,-5.172413793103448,0.0,0.0,0.0,0.0,0.0,0.0,0.0,0.0,9.310344827586206,-12.991899994658867
848,0.0,0.0,0.0,-4.482758620689655,0.0,0.0,0.0,0.0,0.0,0.0,0.0,0.0,9.310344827586206,-6.22007013574847
849,0.0,0.0,0.0,-3.793103448275861,0.0,0.0,0.0,0.0,0.0,0.0,0.0,0.0,9.310344827586206,1.112401324756898
850,0.0,0.0,0.0,-3.1034482758620685,0.0,0.0,0.0,0.0,0.0,0.0,0.0,0.0,9.310344827586206,-6.25574376218129
851,0.0,0.0,0.0,-2.413793103448276,0.0,0.0,0.0,0.0,0.0,0.0,0.0,0.0,9.310344827586206,-2.7040340868676087
852,0.0,0.0,0.0,-1.7241379310344822,0.0,0.0,0.0,0.0,0.0,0.0,0.0,0.0,9.310344827586206,-3.0482313955315083
853,0.0,0.0,0.0,-1.0344827586206886,0.0,0.0,0.0,0.0,0.0,0.0,0.0,0.0,9.310344827586206,3.7461689021379296
854,0.0,0.0,0.0,-0.3448275862068968,0.0,0.0,0.0,0.0,0.0,0.0,0.0,0.0,9.310344827586206,33.60076213494269
855,0.0,0.0,0.0,0.3448275862068968,0.0,0.0,0.0,0.0,0.0,0.0,0.0,0.0,9.310344827586206,4.588788849377196
856,0.0,0.0,0.0,1.0344827586206904,0.0,0.0,0.0,0.0,0.0,0.0,0.0,0.0,9.310344827586206,10.341800787025583
857,0.0,0.0,0.0,1.724137931034484,0.0,0.0,0.0,0.0,0.0,0.0,0.0,0.0,9.310344827586206,9.953603980275064
858,0.0,0.0,0.0,2.4137931034482776,0.0,0.0,0.0,0.0,0.0,0.0,0.0,0.0,9.310344827586206,6.572275159144276
859,0.0,0.0,0.0,3.1034482758620694,0.0,0.0,0.0,0.0,0.0,0.0,0.0,0.0,9.310344827586206,9.428882117304958
860,0.0,0.0,0.0,3.793103448275863,0.0,0.0,0.0,0.0,0.0,0.0,0.0,0.0,9.310344827586206,19.201644641933584
861,0.0,0.0,0.0,4.482758620689657,0.0,0.0,0.0,0.0,0.0,0.0,0.0,0.0,9.310344827586206,20.805207142525727
862,0.0,0.0,0.0,5.172413793103448,0.0,0.0,0.0,0.0,0.0,0.0,0.0,0.0,9.310344827586206,18.046261106547476
863,0.0,0.0,0.0,5.862068965517242,0.0,0.0,0.0,0.0,0.0,0.0,0.0,0.0,9.310344827586206,26.536947549454055
864,0.0,0.0,0.0,6.551724137931036,0.0,0.0,0.0,0.0,0.0,0.0,0.0,0.0,9.310344827586206,60.71111361019679
865,0.0,0.0,0.0,7.241379310344829,0.0,0.0,0.0,0.0,0.0,0.0,0.0,0.0,9.310344827586206,41.208856450615784
866,0.0,0.0,0.0,7.931034482758623,0.0,0.0,0.0,0.0,0.0,0.0,0.0,0.0,9.310344827586206,67.15447454863019
867,0.0,0.0,0.0,8.620689655172416,0.0,0.0,0.0,0.0,0.0,0.0,0.0,0.0,9.310344827586206,103.10466888791377
868,0.0,0.0,0.0,9.310344827586206,0.0,0.0,0.0,0.0,0.0,0.0,0.0,0.0,9.310344827586206,154.7676326199418
869,0.0,0.0,0.0,10.0,0.0,0.0,0.0,0.0,0.0,0.0,0.0,0.0,9.310344827586206,5.861938721827076
870,0.0,0.0,0.0,-10.0,0.0,0.0,0.0,0.0,0.0,0.0,0.0,0.0,10.0,-27.685188506223568
871,0.0,0.0,0.0,-9.310344827586206,0.0,0.0,0.0,0.0,0.0,0.0,0.0,0.0,10.0,-0.4901376702540656
872,0.0,0.0,0.0,-8.620689655172413,0.0,0.0,0.0,0.0,0.0,0.0,0.0,0.0,10.0,-0.8632221135855344
873,0.0,0.0,0.0,-7.931034482758621,0.0,0.0,0.0,0.0,0.0,0.0,0.0,0.0,10.0,243.31028508938633
874,0.0,0.0,0.0,-7.241379310344827,0.0,0.0,0.0,0.0,0.0,0.0,0.0,0.0,10.0,1.3916598654211252
875,0.0,0.0,0.0,-6.551724137931034,0.0,0.0,0.0,0.0,0.0,0.0,0.0,0.0,10.0,19.73573503384571
876,0.0,0.0,0.0,-5.862068965517241,0.0,0.0,0.0,0.0,0.0,0.0,0.0,0.0,10.0,3.404553043633431
877,0.0,0.0,0.0,-5.172413793103448,0.0,0.0,0.0,0.0,0.0,0.0,0.0,0.0,10.0,35.845608668305616
878,0.0,0.0,0.0,-4.482758620689655,0.0,0.0,0.0,0.0,0.0,0.0,0.0,0.0,10.0,2.756649249518335
879,0.0,0.0,0.0,-3.793103448275861,0.0,0.0,0.0,0.0,0.0,0.0,0.0,0.0,10.0,-0.45814613500722606
880,0.0,0.0,0.0,-3.1034482758620685,0.0,0.0,0.0,0.0,0.0,0.0,0.0,0.0,10.0,-4.03072871597465
881,0.0,0.0,0.0,-2.413793103448276,0.0,0.0,0.0,0.0,0.0,0.0,0.0,0.0,10.0,-6.895633780679632
882,0.0,0.0,0.0,-1.7241379310344822,0.0,0.0,0.0,0.0,0.0,0.0,0.0,0.0,10.0,-8.294615101293173
883,0.0,0.0,0.0,-1.0344827586206886,0.0,0.0,0.0,0.0,0.0,0.0,0.0,0.0,10.0,-8.406457080978381
884,0.0,0.0,0.0,-0.3448275862068968,0.0,0.0,0.0,0.0,0.0,0.0,0.0,0.0,10.0,12.600442294500205
885,0.0,0.0,0.0,0.3448275862068968,0.0,0.0,0.0,0.0,0.0,0.0,0.0,0.0,10.0,-16.860546098509676
886,0.0,0.0,0.0,1.0344827586206904,0.0,0.0,0.0,0.0,0.0,0.0,0.0,0.0,10.0,-2.0413850750650853
887,0.0,0.0,0.0,1.724137931034484,0.0,0.0,0.0,0.0,0.0,0.0,0.0,0.0,10.0,-107.2650002085496
888,0.0,0.0,0.0,2.4137931034482776,0.0,0.0,0.0,0.0,0.0,0.0,0.0,0.0,10.0,19.50274845875264
889,0.0,0.0,0.0,3.1034482758620694,0.0,0.0,0.0,0.0,0.0,0.0,0.0,0.0,10.0,-10.311312986772803
890,0.0,0.0,0.0,3.793103448275863,0.0,0.0,0.0,0.0,0.0,0.0,0.0,0.0,10.0,3.8821819904599404
891,0.0,0.0,0.0,4.482758620689657,0.0,0.0,0.0,0.0,0.0,0.0,0.0,0.0,10.0,3.912679583659383
892,0.0,0.0,0.0,5.172413793103448,0.0,0.0,0.0,0.0,0.0,0.0,0.0,0.0,10.0,-13.701561218560805
893,0.0,0.0,0.0,5.862068965517242,0.0,0.0,0.0,0.0,0.0,0.0,0.0,0.0,10.0,14.93218941369749
894,0.0,0.0,0.0,6.551724137931036,0.0,0.0,0.0,0.0,0.0,0.0,0.0,0.0,10.0,4.037413979885132
895,0.0,0.0,0.0,7.241379310344829,0.0,0.0,0.0,0.0,0.0,0.0,0.0,0.0,10.0,42.475047415964085
896,0.0,0.0,0.0,7.931034482758623,0.0,0.0,0.0,0.0,0.0,0.0,0.0,0.0,10.0,22.35827030876421
897,0.0,0.0,0.0,8.620689655172416,0.0,0.0,0.0,0.0,0.0,0.0,0.0,0.0,10.0,-0.4426498387522241
898,0.0,0.0,0.0,9.310344827586206,0.0,0.0,0.0,0.0,0.0,0.0,0.0,0.0,10.0,47.76091779135987
899,0.0,0.0,0.0,10.0,0.0,0.0,0.0,0.0,0.0,0.0,0.0,0.0,10.0,-6.004362388204062
